Timestamp,Date,Time,AC_Power,DC_Power,Voltage_AC,Current_AC,Frequency,Efficiency,Status_Flags
2025-04-04 00:00:40,2025-04-04,00:00:40,0.0,0.07390000000000001,229.8,0.0,49.9,1,0
2025-04-04 00:02:42,2025-04-04,00:02:42,0.0,0.07390000000000001,229.4,0.0,50.0,1,0
2025-04-04 00:04:49,2025-04-04,00:04:49,0.0,0.07390000000000001,229.1,0.0,50.0,1,0
2025-04-04 00:07:02,2025-04-04,00:07:02,0.0,0.07390000000000001,229.8,0.0,50.0,1,0
2025-04-04 00:09:10,2025-04-04,00:09:10,0.0,0.07390000000000001,230.0,0.0,50.0,1,0
2025-04-04 00:11:13,2025-04-04,00:11:13,0.0,0.07390000000000001,230.0,0.0,50.0,1,0
2025-04-04 00:13:14,2025-04-04,00:13:14,0.0,0.07390000000000001,229.8,0.0,50.0,1,0
2025-04-04 00:15:24,2025-04-04,00:15:24,0.0,0.07390000000000001,230.0,0.0,50.0,1,0
2025-04-04 00:17:37,2025-04-04,00:17:37,0.0,0.07390000000000001,230.1,0.0,50.0,1,0
2025-04-04 00:19:40,2025-04-04,00:19:40,0.0,0.07390000000000001,230.0,0.0,50.0,1,0
2025-04-04 00:21:42,2025-04-04,00:21:42,0.0,0.07390000000000001,229.4,0.0,50.0,1,0
2025-04-04 00:23:50,2025-04-04,00:23:50,0.0,0.07390000000000001,229.9,0.0,50.0,1,0
2025-04-04 00:25:57,2025-04-04,00:25:57,0.0,0.07390000000000001,229.6,0.0,50.0,1,0
2025-04-04 00:28:02,2025-04-04,00:28:02,0.0,0.07390000000000001,230.0,0.0,50.0,1,0
2025-04-04 00:30:15,2025-04-04,00:30:15,0.0,0.07390000000000001,229.8,0.0,50.0,1,0
2025-04-04 00:32:17,2025-04-04,00:32:17,0.0,0.07390000000000001,230.3,0.0,50.0,1,0
2025-04-04 00:34:19,2025-04-04,00:34:19,0.0,0.07390000000000001,230.1,0.0,50.0,1,0
2025-04-04 00:36:25,2025-04-04,00:36:25,0.0,0.07390000000000001,230.0,0.0,50.0,1,0
2025-04-04 00:38:32,2025-04-04,00:38:32,0.0,0.07390000000000001,230.3,0.0,50.0,1,0
2025-04-04 00:40:47,2025-04-04,00:40:47,0.0,0.07390000000000001,230.8,0.0,50.0,1,0
2025-04-04 00:42:51,2025-04-04,00:42:51,0.0,0.07390000000000001,230.2,0.0,50.0,1,0
2025-04-04 00:45:52,2025-04-04,00:45:52,0.0,0.07390000000000001,230.4,0.0,50.0,1,0
2025-04-04 00:47:54,2025-04-04,00:47:54,0.0,0.07390000000000001,229.7,0.0,50.0,1,0
2025-04-04 00:49:59,2025-04-04,00:49:59,0.0,0.07390000000000001,230.5,0.0,50.0,1,0
2025-04-04 00:52:05,2025-04-04,00:52:05,0.0,0.07390000000000001,230.5,0.0,50.0,1,0
2025-04-04 00:54:12,2025-04-04,00:54:12,0.0,0.07390000000000001,230.7,0.0,50.0,1,0
2025-04-04 00:57:16,2025-04-04,00:57:16,0.0,0.07390000000000001,230.7,0.0,49.9,1,0
2025-04-04 00:59:18,2025-04-04,00:59:18,0.0,0.07390000000000001,230.7,0.0,50.0,1,0
2025-04-04 01:01:22,2025-04-04,01:01:22,0.0,0.07390000000000001,230.6,0.0,50.0,1,0
2025-04-04 01:03:25,2025-04-04,01:03:25,0.0,0.07390000000000001,230.6,0.0,50.0,1,0
2025-04-04 01:05:31,2025-04-04,01:05:31,0.0,0.07390000000000001,230.7,0.0,50.0,1,0
2025-04-04 01:07:40,2025-04-04,01:07:40,0.0,0.07390000000000001,231.6,0.0,50.0,1,0
2025-04-04 01:09:42,2025-04-04,01:09:42,0.0,0.07390000000000001,230.5,0.0,50.0,1,0
2025-04-04 01:11:46,2025-04-04,01:11:46,0.0,0.07390000000000001,230.6,0.0,50.0,1,0
2025-04-04 01:14:55,2025-04-04,01:14:55,0.0,0.07390000000000001,230.6,0.0,50.0,1,0
2025-04-04 01:17:02,2025-04-04,01:17:02,0.0,0.07390000000000001,230.9,0.0,50.0,1,0
2025-04-04 01:19:10,2025-04-04,01:19:10,0.0,0.07390000000000001,230.7,0.0,50.0,1,0
2025-04-04 01:21:17,2025-04-04,01:21:17,0.0,0.07390000000000001,230.9,0.0,50.0,1,0
2025-04-04 01:23:18,2025-04-04,01:23:18,0.0,0.07379999999999999,230.6,0.0,50.0,1,0
2025-04-04 01:26:20,2025-04-04,01:26:20,0.0,0.07390000000000001,230.1,0.0,49.9,1,0
2025-04-04 01:28:22,2025-04-04,01:28:22,0.0,0.07390000000000001,230.5,0.0,50.0,1,0
2025-04-04 01:30:26,2025-04-04,01:30:26,0.0,0.07390000000000001,230.9,0.0,50.0,1,0
2025-04-04 01:32:39,2025-04-04,01:32:39,0.0,0.07390000000000001,230.5,0.0,50.0,1,0
2025-04-04 01:34:43,2025-04-04,01:34:43,0.0,0.07390000000000001,230.8,0.0,50.0,1,0
2025-04-04 01:37:47,2025-04-04,01:37:47,0.0,0.07390000000000001,230.8,0.0,50.0,1,0
2025-04-04 01:39:57,2025-04-04,01:39:57,0.0,0.07390000000000001,230.8,0.0,50.0,1,0
2025-04-04 01:42:01,2025-04-04,01:42:01,0.0,0.07390000000000001,230.7,0.0,50.0,1,0
2025-04-04 01:44:08,2025-04-04,01:44:08,0.0,0.07390000000000001,231.6,0.0,50.0,1,0
2025-04-04 01:46:11,2025-04-04,01:46:11,0.0,0.07390000000000001,230.8,0.0,50.0,1,0
2025-04-04 01:48:13,2025-04-04,01:48:13,0.0,0.07390000000000001,231.1,0.0,50.0,1,0
2025-04-04 01:50:14,2025-04-04,01:50:14,0.0,0.07390000000000001,230.4,0.0,49.9,1,0
2025-04-04 01:54:15,2025-04-04,01:54:15,0.0,0.07390000000000001,231.1,0.0,50.0,1,0
2025-04-04 01:56:20,2025-04-04,01:56:20,0.0,0.07390000000000001,231.8,0.0,50.0,1,0
2025-04-04 01:58:31,2025-04-04,01:58:31,0.0,0.07390000000000001,231.2,0.0,50.0,1,0
2025-04-04 02:00:36,2025-04-04,02:00:36,0.0,0.0741,231.3,0.0,50.0,1,0
2025-04-04 02:02:37,2025-04-04,02:02:37,0.0,0.074,231.3,0.0,50.0,1,0
2025-04-04 02:04:45,2025-04-04,02:04:45,0.0,0.074,230.7,0.0,50.0,1,0
2025-04-04 02:06:57,2025-04-04,02:06:57,0.0,0.0741,231.3,0.0,50.0,1,0
2025-04-04 02:09:18,2025-04-04,02:09:18,0.0,0.0741,231.5,0.0,49.9,1,0
2025-04-04 02:11:22,2025-04-04,02:11:22,0.0,0.0741,231.2,0.0,50.0,1,0
2025-04-04 02:13:24,2025-04-04,02:13:24,0.0,0.0741,231.1,0.0,50.0,1,0
2025-04-04 02:15:28,2025-04-04,02:15:28,0.0,0.0741,231.3,0.0,50.0,1,0
2025-04-04 02:17:29,2025-04-04,02:17:29,0.0,0.0741,231.4,0.0,50.0,1,0
2025-04-04 02:19:35,2025-04-04,02:19:35,0.0,0.0741,231.2,0.0,50.0,1,0
2025-04-04 02:22:51,2025-04-04,02:22:51,0.0,0.0741,231.0,0.0,50.0,1,0
2025-04-04 02:24:52,2025-04-04,02:24:52,0.0,0.0741,231.3,0.0,50.0,1,0
2025-04-04 02:26:58,2025-04-04,02:26:58,0.0,0.0741,231.5,0.0,50.0,1,0
2025-04-04 02:29:00,2025-04-04,02:29:00,0.0,0.0741,231.2,0.0,50.0,1,0
2025-04-04 02:31:02,2025-04-04,02:31:02,0.0,0.074,231.5,0.0,50.0,1,0
2025-04-04 02:33:07,2025-04-04,02:33:07,0.0,0.0741,231.2,0.0,50.0,1,0
2025-04-04 02:35:19,2025-04-04,02:35:19,0.0,0.0741,231.4,0.0,50.0,1,0
2025-04-04 02:37:22,2025-04-04,02:37:22,0.0,0.0741,231.4,0.0,50.0,1,0
2025-04-04 02:39:26,2025-04-04,02:39:26,0.0,0.0741,231.6,0.0,50.0,1,0
2025-04-04 02:41:29,2025-04-04,02:41:29,0.0,0.0741,231.6,0.0,50.0,1,0
2025-04-04 02:43:33,2025-04-04,02:43:33,0.0,0.0741,231.8,0.0,50.0,1,0
2025-04-04 02:46:37,2025-04-04,02:46:37,0.0,0.0741,231.5,0.0,50.0,1,0
2025-04-04 02:48:47,2025-04-04,02:48:47,0.0,0.0741,231.8,0.0,50.0,1,0
2025-04-04 02:51:52,2025-04-04,02:51:52,0.0,0.0741,231.9,0.0,50.0,1,0
2025-04-04 02:54:05,2025-04-04,02:54:05,0.0,0.0741,231.7,0.0,50.0,1,0
2025-04-04 02:56:08,2025-04-04,02:56:08,0.0,0.0741,232.2,0.0,49.9,1,0
2025-04-04 02:58:29,2025-04-04,02:58:29,0.0,0.0741,229.6,0.0,50.0,1,0
2025-04-04 03:00:37,2025-04-04,03:00:37,0.0,0.0741,229.3,0.0,50.0,1,0
2025-04-04 03:02:42,2025-04-04,03:02:42,0.0,0.0741,229.2,0.0,50.0,1,0
2025-04-04 03:04:48,2025-04-04,03:04:48,0.0,0.0741,229.2,0.0,50.0,1,0
2025-04-04 03:06:59,2025-04-04,03:06:59,0.0,0.0741,229.3,0.0,50.0,1,0
2025-04-04 03:09:01,2025-04-04,03:09:01,0.0,0.0741,229.4,0.0,50.0,1,0
2025-04-04 03:11:04,2025-04-04,03:11:04,0.0,0.0741,229.6,0.0,50.0,1,0
2025-04-04 03:13:05,2025-04-04,03:13:05,0.0,0.0741,229.3,0.0,49.9,1,0
2025-04-04 03:15:06,2025-04-04,03:15:06,0.0,0.0741,229.4,0.0,50.0,1,0
2025-04-04 03:18:15,2025-04-04,03:18:15,0.0,0.0741,229.3,0.0,50.0,1,0
2025-04-04 03:20:23,2025-04-04,03:20:23,0.0,0.0741,229.3,0.0,50.0,1,0
2025-04-04 03:22:28,2025-04-04,03:22:28,0.0,0.0741,229.5,0.0,50.0,1,0
2025-04-04 03:24:36,2025-04-04,03:24:36,0.0,0.0741,228.7,0.0,49.9,1,0
2025-04-04 03:26:46,2025-04-04,03:26:46,0.0,0.0741,229.4,0.0,50.0,1,0
2025-04-04 03:29:50,2025-04-04,03:29:50,0.0,0.0741,229.5,0.0,50.0,1,0
2025-04-04 03:32:00,2025-04-04,03:32:00,0.0,0.0741,229.5,0.0,50.0,1,0
2025-04-04 03:34:03,2025-04-04,03:34:03,0.0,0.0741,228.9,0.0,50.0,1,0
2025-04-04 03:36:05,2025-04-04,03:36:05,0.0,0.0741,230.2,0.0,50.0,1,0
2025-04-04 03:38:11,2025-04-04,03:38:11,0.0,0.0741,229.5,0.0,50.0,1,0
2025-04-04 03:40:16,2025-04-04,03:40:16,0.0,0.0741,229.6,0.0,50.0,1,0
2025-04-04 03:42:18,2025-04-04,03:42:18,0.0,0.0741,228.8,0.0,50.0,1,0
2025-04-04 03:44:30,2025-04-04,03:44:30,0.0,0.0741,229.5,0.0,50.0,1,0
2025-04-04 03:46:34,2025-04-04,03:46:34,0.0,0.0741,228.7,0.0,50.0,1,0
2025-04-04 03:48:35,2025-04-04,03:48:35,0.0,0.0741,229.7,0.0,50.0,1,0
2025-04-04 03:50:36,2025-04-04,03:50:36,0.0,0.0741,229.7,0.0,50.0,1,0
2025-04-04 03:52:43,2025-04-04,03:52:43,0.0,0.0742,229.8,0.0,50.0,1,0
2025-04-04 03:55:47,2025-04-04,03:55:47,0.0,0.0742,228.5,0.0,50.0,1,0
2025-04-04 03:57:55,2025-04-04,03:57:55,0.0,0.0741,228.7,0.0,50.0,1,0
2025-04-04 03:59:58,2025-04-04,03:59:58,0.0,0.0741,228.4,0.0,50.0,1,0
2025-04-04 04:02:11,2025-04-04,04:02:11,0.0,0.0741,228.5,0.0,50.0,1,0
2025-04-04 04:04:17,2025-04-04,04:04:17,0.0,0.0741,228.3,0.0,50.0,1,0
2025-04-04 04:06:20,2025-04-04,04:06:20,0.0,0.0741,228.3,0.0,50.0,1,0
2025-04-04 04:08:28,2025-04-04,04:08:28,0.0,0.0741,228.2,0.0,49.9,1,0
2025-04-04 04:10:35,2025-04-04,04:10:35,0.0,0.0741,228.2,0.0,50.0,1,0
2025-04-04 04:13:41,2025-04-04,04:13:41,0.0,0.0741,228.3,0.0,49.9,1,0
2025-04-04 04:15:46,2025-04-04,04:15:46,0.0,0.0741,228.4,0.0,50.0,1,0
2025-04-04 04:17:50,2025-04-04,04:17:50,0.0,0.0741,228.4,0.0,49.9,1,0
2025-04-04 04:19:56,2025-04-04,04:19:56,0.0,0.0741,227.9,0.0,50.0,1,0
2025-04-04 04:22:00,2025-04-04,04:22:00,0.0,0.0741,228.4,0.0,50.0,1,0
2025-04-04 04:24:05,2025-04-04,04:24:05,0.0,0.0742,228.4,0.0,50.0,1,0
2025-04-04 04:26:18,2025-04-04,04:26:18,0.0,0.0741,228.6,0.0,50.0,1,0
2025-04-04 04:28:25,2025-04-04,04:28:25,0.0,0.0742,228.4,0.0,50.0,1,0
2025-04-04 04:30:41,2025-04-04,04:30:41,0.0,0.0741,228.5,0.0,50.0,1,0
2025-04-04 04:32:53,2025-04-04,04:32:53,0.0,0.0741,228.6,0.0,50.0,1,0
2025-04-04 04:34:59,2025-04-04,04:34:59,0.0,0.0741,228.3,0.0,50.0,1,0
2025-04-04 04:37:06,2025-04-04,04:37:06,0.0,0.0741,228.3,0.0,50.0,1,0
2025-04-04 04:39:29,2025-04-04,04:39:29,0.0,0.0741,228.3,0.0,50.0,1,0
2025-04-04 04:41:41,2025-04-04,04:41:41,0.0,0.0741,228.6,0.0,50.0,1,0
2025-04-04 04:43:50,2025-04-04,04:43:50,0.0,0.0741,228.2,0.0,50.0,1,0
2025-04-04 04:46:08,2025-04-04,04:46:08,0.0,0.0741,228.3,0.0,50.0,1,0
2025-04-04 04:48:12,2025-04-04,04:48:12,0.0,0.0742,228.5,0.0,49.9,1,0
2025-04-04 04:50:21,2025-04-04,04:50:21,0.0,0.0742,228.7,0.0,50.0,1,0
2025-04-04 04:52:28,2025-04-04,04:52:28,0.0,0.0742,226.5,0.0,50.0,1,0
2025-04-04 04:54:46,2025-04-04,04:54:46,0.0,0.0742,226.6,0.0,50.0,1,0
2025-04-04 04:56:53,2025-04-04,04:56:53,0.0,0.0742,227.2,0.0,50.0,1,0
2025-04-04 04:59:07,2025-04-04,04:59:07,0.0,0.0742,226.7,0.0,50.0,1,0
2025-04-04 05:01:15,2025-04-04,05:01:15,0.0,0.0741,226.5,0.0,50.0,1,0
2025-04-04 05:03:17,2025-04-04,05:03:17,0.0,0.0742,227.3,0.0,50.0,1,0
2025-04-04 05:05:29,2025-04-04,05:05:29,0.0,0.0742,226.5,0.0,50.0,1,0
2025-04-04 05:07:32,2025-04-04,05:07:32,0.0,0.0742,226.4,0.0,50.0,1,0
2025-04-04 05:09:41,2025-04-04,05:09:41,0.0,0.07429999999999999,226.1,0.0,50.0,1,0
2025-04-04 05:11:44,2025-04-04,05:11:44,0.0,0.0745,226.1,0.0,49.9,1,0
2025-04-04 05:13:45,2025-04-04,05:13:45,0.0,0.0747,226.1,0.0,50.0,1,0
2025-04-04 05:15:46,2025-04-04,05:15:46,0.0,0.07490000000000001,226.3,0.0,50.0,1,0
2025-04-04 05:17:58,2025-04-04,05:17:58,0.0,0.07540000000000001,226.2,0.0,50.0,1,0
2025-04-04 05:20:09,2025-04-04,05:20:09,0.0,0.076,225.5,0.0,50.0,1,0
2025-04-04 05:22:14,2025-04-04,05:22:14,0.0,0.0768,226.2,0.0,50.0,1,0
2025-04-04 05:24:18,2025-04-04,05:24:18,0.0,0.07840000000000001,226.0,0.0,50.0,1,0
2025-04-04 05:26:30,2025-04-04,05:26:30,0.0,0.08059999999999999,226.0,0.0,50.0,1,0
2025-04-04 05:28:38,2025-04-04,05:28:38,0.0,0.08259999999999999,226.1,0.0,50.0,1,0
2025-04-04 05:30:47,2025-04-04,05:30:47,0.0,0.0858,226.0,0.0,50.0,1,0
2025-04-04 05:33:23,2025-04-04,05:33:23,0.0,0.092,225.9,0.0,50.0,1,0
2025-04-04 05:35:26,2025-04-04,05:35:26,0.0,0.1024,225.5,0.0,50.0,1,0
2025-04-04 05:37:29,2025-04-04,05:37:29,0.0,0.1257,225.7,0.0,50.0,1,0
2025-04-04 05:39:38,2025-04-04,05:39:38,0.0,0.1675,225.7,0.0,50.0,1,0
2025-04-04 05:41:44,2025-04-04,05:41:44,0.0,0.18359999999999999,225.1,0.0,50.0,1,0
2025-04-04 05:43:55,2025-04-04,05:43:55,0.0,0.18730000000000002,224.6,0.0,50.0,1,0
2025-04-04 05:45:58,2025-04-04,05:45:58,0.0,0.1385,224.8,0.0,50.0,1,0
2025-04-04 05:48:15,2025-04-04,05:48:15,0.0,0.2311,224.9,0.0,50.0,1,0
2025-04-04 05:50:28,2025-04-04,05:50:28,0.0,0.8442999999999999,225.2,0.0,50.0,1,0
2025-04-04 05:53:51,2025-04-04,05:53:51,0.0223,0.022600000000000002,225.1,3.7,50.0,1,0
2025-04-04 05:56:12,2025-04-04,05:56:12,0.02,0.020300000000000002,224.4,3.5,50.0,1,0
2025-04-04 05:59:20,2025-04-04,05:59:20,0.0104,0.0105,226.1,2.4,50.0,1,0
2025-04-04 06:01:31,2025-04-04,06:01:31,0.0533,0.0541,225.5,3.4,50.0,1,0
2025-04-04 06:03:34,2025-04-04,06:03:34,0.09670000000000001,0.09809999999999999,225.3,3.4,50.0,1,0
2025-04-04 06:05:53,2025-04-04,06:05:53,0.18869999999999998,0.1915,224.7,3.7,49.9,1,0
2025-04-04 06:08:00,2025-04-04,06:08:00,0.1698,0.1723,225.3,3.6,50.0,1,0
2025-04-04 06:10:01,2025-04-04,06:10:01,0.21580000000000002,0.2756,225.3,3.6,50.0,1,0
2025-04-04 06:12:03,2025-04-04,06:12:03,0.2716,0.2783,225.2,3.7,50.0,1,0
2025-04-04 06:14:14,2025-04-04,06:14:14,0.393,0.3989,225.2,3.8,50.0,1,0
2025-04-04 06:16:25,2025-04-04,06:16:25,0.4813,0.48860000000000003,225.2,3.8,50.0,1,0
2025-04-04 06:18:56,2025-04-04,06:18:56,0.6951,0.7056,225.1,3.7,50.0,1,0
2025-04-04 06:20:59,2025-04-04,06:20:59,0.7998,0.8119,225.0,3.8,50.0,1,0
2025-04-04 06:23:17,2025-04-04,06:23:17,0.9763999999999999,1.0062,225.4,3.6,49.9,1,0
2025-04-04 06:25:19,2025-04-04,06:25:19,1.1845,1.2025,224.5,3.8,50.0,1,0
2025-04-04 06:27:22,2025-04-04,06:27:22,1.3858,1.4069,225.0,4.2,50.0,1,0
2025-04-04 06:29:30,2025-04-04,06:29:30,1.6396,1.6432,225.0,4.2,50.0,1,0
2025-04-04 06:31:38,2025-04-04,06:31:38,1.761,1.8429,224.9,8.9,50.0,1,0
2025-04-04 06:33:39,2025-04-04,06:33:39,2.4555,2.4568000000000003,224.8,6.0,50.0,1,0
2025-04-04 06:35:55,2025-04-04,06:35:55,2.9525,2.9645,225.0,6.7,50.0,1,0
2025-04-04 06:37:58,2025-04-04,06:37:58,3.2935,3.3436,224.8,6.6,50.0,1,0
2025-04-04 06:40:08,2025-04-04,06:40:08,4.1109,4.1735,225.1,7.6,50.0,1,0
2025-04-04 06:43:16,2025-04-04,06:43:16,4.572100000000001,4.6598999999999995,225.1,8.1,50.0,1,0
2025-04-04 06:45:26,2025-04-04,06:45:26,4.910399999999999,4.9715,224.6,8.9,49.9,1,0
2025-04-04 06:47:28,2025-04-04,06:47:28,5.240600000000001,5.3371,225.1,9.0,50.0,1,0
2025-04-04 06:49:42,2025-04-04,06:49:42,5.6658,5.802899999999999,225.0,9.9,50.0,1,0
2025-04-04 06:51:51,2025-04-04,06:51:51,6.1881,6.264399999999999,225.0,10.6,50.0,1,0
2025-04-04 06:54:05,2025-04-04,06:54:05,6.7902,6.8467,224.7,11.2,50.0,1,0
2025-04-04 06:56:07,2025-04-04,06:56:07,7.2471000000000005,7.315600000000001,224.9,11.9,50.0,1,0
2025-04-04 06:58:17,2025-04-04,06:58:17,7.736800000000001,7.8498,224.9,12.5,50.0,1,0
2025-04-04 07:00:29,2025-04-04,07:00:29,8.186,8.3122,224.7,13.1,50.0,1,0
2025-04-04 07:02:31,2025-04-04,07:02:31,8.735100000000001,8.9254,226.4,13.3,50.0,1,0
2025-04-04 07:04:33,2025-04-04,07:04:33,9.2386,9.328700000000001,224.9,14.3,50.0,1,0
2025-04-04 07:06:35,2025-04-04,07:06:35,9.691799999999999,9.8442,224.7,15.0,50.0,1,0
2025-04-04 07:08:40,2025-04-04,07:08:40,10.146700000000001,10.1614,224.9,15.7,50.0,1,0
2025-04-04 07:10:41,2025-04-04,07:10:41,10.6296,10.900799999999998,224.8,16.9,50.0,1,0
2025-04-04 07:21:43,2025-04-04,07:21:43,13.8085,14.1228,224.0,21.3,50.0,1,0
2025-04-04 07:23:45,2025-04-04,07:23:45,14.373700000000001,14.6154,224.6,21.9,50.0,1,0
2025-04-04 07:26:09,2025-04-04,07:26:09,14.994200000000001,15.3475,224.6,23.1,50.0,1,0
2025-04-04 07:28:11,2025-04-04,07:28:11,15.6573,15.998299999999999,225.4,24.1,50.0,1,0
2025-04-04 07:30:28,2025-04-04,07:30:28,16.3374,16.7245,224.7,25.1,50.0,1,0
2025-04-04 07:33:31,2025-04-04,07:33:31,17.3632,17.921400000000002,223.5,26.6,50.0,1,0
2025-04-04 07:35:58,2025-04-04,07:35:58,18.1265,18.717299999999998,224.5,27.8,50.0,1,0
2025-04-04 07:38:01,2025-04-04,07:38:01,18.8744,19.227700000000002,224.5,28.8,50.0,1,0
2025-04-04 07:40:07,2025-04-04,07:40:07,19.6457,20.235599999999998,224.5,30.1,50.0,1,0
2025-04-04 07:42:09,2025-04-04,07:42:09,20.3688,20.859900000000003,224.6,31.2,50.0,1,0
2025-04-04 07:44:16,2025-04-04,07:44:16,21.1572,21.7551,224.9,32.1,49.9,1,0
2025-04-04 07:46:30,2025-04-04,07:46:30,22.1192,22.72,224.9,33.7,50.0,1,0
2025-04-04 07:48:32,2025-04-04,07:48:32,22.9069,23.5084,224.6,34.8,50.0,1,0
2025-04-04 07:50:50,2025-04-04,07:50:50,23.715,24.528200000000002,224.4,36.0,50.0,1,0
2025-04-04 07:52:58,2025-04-04,07:52:58,24.4875,25.1524,224.8,37.1,50.0,1,0
2025-04-04 07:55:00,2025-04-04,07:55:00,25.3473,25.996599999999997,224.6,38.4,50.0,1,0
2025-04-04 07:58:19,2025-04-04,07:58:19,26.7554,27.611099999999997,224.7,40.6,50.0,1,0
2025-04-04 08:00:23,2025-04-04,08:00:23,27.555799999999998,28.333599999999997,224.8,41.7,50.0,1,0
2025-04-04 08:02:44,2025-04-04,08:02:44,28.4674,29.3804,224.7,43.1,49.9,1,0
2025-04-04 08:04:47,2025-04-04,08:04:47,29.250400000000003,30.0981,224.9,44.2,50.0,1,0
2025-04-04 08:06:55,2025-04-04,08:06:55,30.2848,31.266599999999997,224.5,45.9,49.9,1,0
2025-04-04 08:09:06,2025-04-04,08:09:06,31.3244,32.3251,224.4,47.3,50.0,1,0
2025-04-04 08:11:11,2025-04-04,08:11:11,32.1766,33.1404,223.3,48.8,50.0,1,0
2025-04-04 08:13:29,2025-04-04,08:13:29,33.1231,34.2318,224.1,50.2,49.9,1,0
2025-04-04 08:15:38,2025-04-04,08:15:38,34.008199999999995,35.0974,224.3,51.3,50.0,1,0
2025-04-04 08:17:39,2025-04-04,08:17:39,34.9399,36.0871,224.3,53.0,50.0,1,0
2025-04-04 08:20:41,2025-04-04,08:20:41,36.340900000000005,37.5428,224.5,54.9,49.9,1,0
2025-04-04 08:22:52,2025-04-04,08:22:52,37.363800000000005,38.5494,224.5,56.6,50.0,1,0
2025-04-04 08:25:08,2025-04-04,08:25:08,38.3738,39.526900000000005,224.9,57.6,50.0,1,0
2025-04-04 08:28:10,2025-04-04,08:28:10,39.6087,40.982099999999996,224.2,59.5,50.0,1,0
2025-04-04 08:30:15,2025-04-04,08:30:15,40.3918,41.5841,224.0,61.1,50.0,1,0
2025-04-04 08:33:20,2025-04-04,08:33:20,42.0644,43.519,224.0,63.3,50.0,1,0
2025-04-04 08:36:31,2025-04-04,08:36:31,43.244800000000005,44.907599999999995,224.0,65.5,50.0,1,0
2025-04-04 08:38:42,2025-04-04,08:38:42,44.115300000000005,45.6813,226.3,66.0,50.0,1,0
2025-04-04 08:40:51,2025-04-04,08:40:51,45.0921,46.6207,226.2,67.4,50.0,1,0
2025-04-04 08:43:04,2025-04-04,08:43:04,46.3732,48.1148,226.7,68.9,50.0,1,0
2025-04-04 08:47:03,2025-04-04,08:47:03,48.2149,49.9315,226.6,72.2,49.9,1,0
2025-04-04 08:49:08,2025-04-04,08:49:08,48.984199999999994,50.6095,226.6,73.1,50.0,1,0
2025-04-04 08:51:10,2025-04-04,08:51:10,50.0889,51.7755,226.9,74.8,50.0,1,0
2025-04-04 08:53:17,2025-04-04,08:53:17,51.3097,53.2087,227.0,76.6,49.9,1,0
2025-04-04 08:55:31,2025-04-04,08:55:31,51.8587,53.5742,226.8,77.2,50.0,1,0
2025-04-04 08:57:34,2025-04-04,08:57:34,52.6935,54.4848,227.0,78.3,50.0,1,0
2025-04-04 09:00:16,2025-04-04,09:00:16,53.732699999999994,55.3151,227.0,80.0,50.0,1,0
2025-04-04 09:02:20,2025-04-04,09:02:20,54.4766,56.117599999999996,226.8,81.1,50.0,1,0
2025-04-04 09:04:23,2025-04-04,09:04:23,55.6664,57.1252,226.4,82.8,49.9,1,0
2025-04-04 09:06:33,2025-04-04,09:06:33,56.7798,58.414300000000004,227.0,85.1,50.0,1,0
2025-04-04 09:08:39,2025-04-04,09:08:39,57.6361,59.0734,227.0,85.7,50.0,1,0
2025-04-04 09:11:01,2025-04-04,09:11:01,58.585699999999996,60.1375,227.1,87.2,50.0,1,0
2025-04-04 09:14:05,2025-04-04,09:14:05,59.917,61.5011,226.4,89.2,50.0,1,0
2025-04-04 09:16:21,2025-04-04,09:16:21,60.7059,62.325300000000006,227.3,90.2,50.0,1,0
2025-04-04 09:19:25,2025-04-04,09:19:25,61.524300000000004,63.2683,227.2,91.3,50.0,1,0
2025-04-04 09:22:37,2025-04-04,09:22:37,62.8857,64.4513,227.4,93.4,50.0,1,0
2025-04-04 09:24:53,2025-04-04,09:24:53,64.52459999999999,66.18639999999999,227.3,95.6,50.0,1,0
2025-04-04 09:27:00,2025-04-04,09:27:00,65.13969999999999,66.8964,226.5,96.6,50.0,1,0
2025-04-04 09:30:03,2025-04-04,09:30:03,65.3246,67.1025,226.5,96.8,50.0,1,0
2025-04-04 09:32:15,2025-04-04,09:32:15,66.12089999999999,68.0373,227.1,98.0,50.0,1,0
2025-04-04 09:34:26,2025-04-04,09:34:26,66.872,68.7176,227.2,99.1,50.0,1,0
2025-04-04 09:37:42,2025-04-04,09:37:42,68.7119,70.6093,227.2,101.7,50.0,1,0
2025-04-04 09:39:49,2025-04-04,09:39:49,69.1431,71.1256,228.2,102.3,50.0,1,0
2025-04-04 09:41:58,2025-04-04,09:41:58,69.46589999999999,71.35510000000001,227.3,102.9,50.0,1,0
2025-04-04 09:43:59,2025-04-04,09:43:59,70.1122,72.1764,227.2,103.9,50.0,1,0
2025-04-04 09:46:11,2025-04-04,09:46:11,71.79169999999999,73.8891,227.3,106.3,50.0,1,0
2025-04-04 09:48:25,2025-04-04,09:48:25,72.4963,74.5054,227.2,107.5,50.0,1,0
2025-04-04 09:50:32,2025-04-04,09:50:32,73.48530000000001,75.5386,227.4,108.8,50.0,1,0
2025-04-04 09:52:34,2025-04-04,09:52:34,74.1611,76.1332,227.4,109.7,50.0,1,0
2025-04-04 09:54:35,2025-04-04,09:54:35,73.8278,76.8924,227.1,109.9,50.0,1,0
2025-04-04 09:57:52,2025-04-04,09:57:52,74.7638,77.8945,227.4,110.1,50.0,1,0
2025-04-04 10:00:06,2025-04-04,10:00:06,76.0564,79.2608,227.3,113.1,50.0,1,0
2025-04-04 10:02:11,2025-04-04,10:02:11,76.3473,79.6341,227.5,113.5,50.0,1,0
2025-04-04 10:04:13,2025-04-04,10:04:13,76.819,80.08919999999999,227.2,114.1,50.0,1,0
2025-04-04 10:06:30,2025-04-04,10:06:30,77.7363,81.07539999999999,227.2,115.2,50.0,1,0
2025-04-04 10:08:32,2025-04-04,10:08:32,78.412,81.7952,227.8,116.3,50.0,1,0
2025-04-04 10:10:56,2025-04-04,10:10:56,78.92089999999999,82.2885,227.6,117.2,50.0,1,0
2025-04-04 10:13:36,2025-04-04,10:13:36,79.901,83.266,227.6,118.5,50.0,1,0
2025-04-04 10:15:47,2025-04-04,10:15:47,80.6524,83.9428,227.5,119.4,50.0,1,0
2025-04-04 10:17:49,2025-04-04,10:17:49,81.31339999999999,84.74539999999999,227.4,121.0,50.0,1,0
2025-04-04 10:20:00,2025-04-04,10:20:00,82.16239999999999,85.6784,227.3,122.0,50.0,1,0
2025-04-04 10:22:15,2025-04-04,10:22:15,82.9657,86.5013,227.4,123.3,50.0,1,0
2025-04-04 10:24:17,2025-04-04,10:24:17,83.8228,87.2356,227.3,124.4,50.0,1,0
2025-04-04 10:26:36,2025-04-04,10:26:36,84.1613,87.726,227.3,125.0,50.0,1,0
2025-04-04 10:28:43,2025-04-04,10:28:43,84.6186,88.17989999999999,227.0,125.9,50.0,1,0
2025-04-04 10:30:54,2025-04-04,10:30:54,84.75569999999999,88.2626,227.1,125.9,50.0,1,0
2025-04-04 10:33:02,2025-04-04,10:33:02,85.42569999999999,89.091,227.2,126.9,50.0,1,0
2025-04-04 10:35:14,2025-04-04,10:35:14,86.1152,89.7332,226.6,128.2,49.9,1,0
2025-04-04 10:37:21,2025-04-04,10:37:21,86.6454,90.2997,227.3,128.7,50.0,1,0
2025-04-04 10:39:22,2025-04-04,10:39:22,87.0336,90.7722,227.2,129.3,50.0,1,0
2025-04-04 10:41:29,2025-04-04,10:41:29,87.5405,91.31,227.4,130.1,50.0,1,0
2025-04-04 10:43:39,2025-04-04,10:43:39,88.2299,91.9707,227.3,131.1,50.0,1,0
2025-04-04 10:46:43,2025-04-04,10:46:43,88.8547,92.686,227.3,132.0,50.0,1,0
2025-04-04 10:48:54,2025-04-04,10:48:54,88.8413,92.81869999999999,227.2,132.0,50.0,1,0
2025-04-04 10:50:56,2025-04-04,10:50:56,89.6815,93.56089999999999,227.3,133.4,50.0,1,0
2025-04-04 10:53:19,2025-04-04,10:53:19,90.4995,94.3767,226.7,134.5,49.9,1,0
2025-04-04 10:55:23,2025-04-04,10:55:23,90.859,94.9255,227.1,135.0,50.0,1,0
2025-04-04 10:57:30,2025-04-04,10:57:30,91.2525,95.30669999999999,227.3,135.6,50.0,1,0
2025-04-04 10:59:36,2025-04-04,10:59:36,92.1908,96.0481,227.3,136.8,50.0,1,0
2025-04-04 11:01:50,2025-04-04,11:01:50,92.4621,96.3885,227.4,137.1,50.0,1,0
2025-04-04 11:05:03,2025-04-04,11:05:03,93.481,97.4805,227.4,138.9,50.0,1,0
2025-04-04 11:07:09,2025-04-04,11:07:09,93.9615,97.78989999999999,227.1,139.2,50.0,1,0
2025-04-04 11:10:11,2025-04-04,11:10:11,94.361,98.5153,227.2,140.1,50.0,1,0
2025-04-04 11:12:18,2025-04-04,11:12:18,94.5522,98.5732,227.3,140.5,50.0,1,0
2025-04-04 11:14:24,2025-04-04,11:14:24,94.9784,99.01689999999999,227.3,140.9,50.0,1,0
2025-04-04 11:16:26,2025-04-04,11:16:26,95.1509,99.11930000000001,227.3,141.1,50.0,1,0
2025-04-04 11:19:43,2025-04-04,11:19:43,95.5812,99.7211,227.4,141.7,50.0,1,0
2025-04-04 11:21:56,2025-04-04,11:21:56,96.3209,100.42580000000001,227.4,143.1,50.0,1,0
2025-04-04 11:24:07,2025-04-04,11:24:07,96.3717,100.3982,227.4,143.2,50.0,1,0
2025-04-04 11:26:15,2025-04-04,11:26:15,96.6969,100.6475,228.1,143.4,50.0,1,0
2025-04-04 11:28:24,2025-04-04,11:28:24,96.8751,100.68339999999999,228.1,143.7,50.0,1,0
2025-04-04 11:30:33,2025-04-04,11:30:33,96.8697,101.0957,227.2,143.7,50.0,1,0
2025-04-04 11:32:34,2025-04-04,11:32:34,97.323,101.03689999999999,227.3,144.3,50.0,1,0
2025-04-04 11:34:40,2025-04-04,11:34:40,97.8488,101.6123,226.9,144.9,50.0,1,0
2025-04-04 11:36:43,2025-04-04,11:36:43,98.7315,102.6692,227.7,146.5,50.0,1,0
2025-04-04 11:38:48,2025-04-04,11:38:48,98.8036,102.8193,227.1,146.7,50.0,1,0
2025-04-04 11:41:07,2025-04-04,11:41:07,99.5691,103.4974,227.8,147.7,50.0,1,0
2025-04-04 11:43:12,2025-04-04,11:43:12,100.2119,104.1613,227.3,148.3,50.0,1,0
2025-04-04 11:45:28,2025-04-04,11:45:28,100.1793,104.0889,227.7,148.6,50.0,1,0
2025-04-04 11:47:35,2025-04-04,11:47:35,99.8064,103.8684,227.7,147.9,50.0,1,0
2025-04-04 11:49:42,2025-04-04,11:49:42,100.2312,104.20639999999999,227.7,148.8,50.0,1,0
2025-04-04 11:52:47,2025-04-04,11:52:47,101.0192,104.77539999999999,227.9,149.5,50.0,1,0
2025-04-04 11:55:03,2025-04-04,11:55:03,100.995,104.92280000000001,227.9,149.5,50.0,1,0
2025-04-04 11:57:05,2025-04-04,11:57:05,100.787,104.42660000000001,228.0,148.7,50.0,1,0
2025-04-04 11:59:23,2025-04-04,11:59:23,101.2728,105.2746,228.3,149.9,50.0,1,0
2025-04-04 12:01:31,2025-04-04,12:01:31,101.4572,105.231,228.5,149.8,50.0,1,0
2025-04-04 12:03:37,2025-04-04,12:03:37,102.08189999999999,106.2392,228.8,150.9,50.0,1,0
2025-04-04 12:05:38,2025-04-04,12:05:38,102.1106,106.07939999999999,228.4,150.7,50.0,1,0
2025-04-04 12:07:54,2025-04-04,12:07:54,102.143,106.2229,228.0,150.8,49.9,1,0
2025-04-04 12:09:56,2025-04-04,12:09:56,102.1489,105.9843,228.7,150.8,49.9,1,0
2025-04-04 12:12:15,2025-04-04,12:12:15,101.9249,105.821,228.5,150.3,50.0,1,0
2025-04-04 12:15:31,2025-04-04,12:15:31,102.82719999999999,106.8507,228.2,151.9,49.9,1,0
2025-04-04 12:17:39,2025-04-04,12:17:39,103.207,107.0958,228.7,152.3,50.0,1,0
2025-04-04 12:19:42,2025-04-04,12:19:42,103.3754,107.3673,227.7,152.7,50.0,1,0
2025-04-04 12:21:55,2025-04-04,12:21:55,103.62480000000001,107.548,228.7,152.8,50.0,1,0
2025-04-04 12:24:10,2025-04-04,12:24:10,103.25689999999999,107.1986,228.6,152.8,50.0,1,0
2025-04-04 12:26:11,2025-04-04,12:26:11,103.1418,107.133,228.6,152.2,50.0,1,0
2025-04-04 12:28:30,2025-04-04,12:28:30,103.72789999999999,107.83630000000001,228.6,153.5,50.0,1,0
2025-04-04 12:30:34,2025-04-04,12:30:34,103.7415,107.86710000000001,228.1,153.6,50.0,1,0
2025-04-04 12:33:41,2025-04-04,12:33:41,103.4925,107.4477,228.4,152.9,50.0,1,0
2025-04-04 12:35:59,2025-04-04,12:35:59,103.7448,107.7796,228.3,153.4,50.0,1,0
2025-04-04 12:38:09,2025-04-04,12:38:09,104.5269,108.4832,228.3,154.8,50.0,1,0
2025-04-04 12:40:11,2025-04-04,12:40:11,104.48780000000001,108.6003,228.3,154.7,50.0,1,0
2025-04-04 12:42:27,2025-04-04,12:42:27,104.501,108.6196,228.4,154.5,49.9,1,0
2025-04-04 12:44:35,2025-04-04,12:44:35,104.2597,108.1166,228.3,154.4,49.9,1,0
2025-04-04 12:46:45,2025-04-04,12:46:45,103.4495,107.5331,228.5,152.9,50.0,1,0
2025-04-04 12:48:51,2025-04-04,12:48:51,103.5566,107.655,228.3,153.0,50.0,1,0
2025-04-04 12:50:58,2025-04-04,12:50:58,103.5637,107.5928,228.3,153.3,50.0,1,0
2025-04-04 12:53:00,2025-04-04,12:53:00,103.58930000000001,107.5746,228.0,153.3,50.0,1,0
2025-04-04 12:55:08,2025-04-04,12:55:08,102.83789999999999,106.7704,227.8,152.2,50.0,1,0
2025-04-04 12:57:12,2025-04-04,12:57:12,102.42989999999999,106.43169999999999,227.6,152.0,50.0,1,0
2025-04-04 12:59:27,2025-04-04,12:59:27,102.5428,106.42760000000001,227.4,152.1,50.0,1,0
2025-04-04 13:01:28,2025-04-04,13:01:28,102.6217,106.41789999999999,227.6,152.2,50.0,1,0
2025-04-04 13:03:33,2025-04-04,13:03:33,101.9775,105.9743,227.3,151.3,50.0,1,0
2025-04-04 13:05:39,2025-04-04,13:05:39,102.53989999999999,106.67960000000001,226.9,152.6,50.0,1,0
2025-04-04 13:07:42,2025-04-04,13:07:42,102.27,106.2898,226.0,152.4,49.9,1,0
2025-04-04 13:09:43,2025-04-04,13:09:43,101.783,105.658,226.2,151.5,49.9,1,0
2025-04-04 13:11:45,2025-04-04,13:11:45,100.9256,104.9927,226.8,149.9,49.9,1,0
2025-04-04 13:13:55,2025-04-04,13:13:55,100.9312,104.8873,226.4,150.4,50.0,1,0
2025-04-04 13:16:03,2025-04-04,13:16:03,101.72739999999999,105.8401,226.8,151.3,50.0,1,0
2025-04-04 13:18:16,2025-04-04,13:18:16,100.8239,104.9016,226.5,150.1,50.0,1,0
2025-04-04 13:20:26,2025-04-04,13:20:26,100.05860000000001,104.03689999999999,226.6,149.0,50.0,1,0
2025-04-04 13:22:38,2025-04-04,13:22:38,100.8947,105.04180000000001,226.3,150.4,50.0,1,0
2025-04-04 13:24:45,2025-04-04,13:24:45,100.5763,104.5072,226.2,149.2,50.0,1,0
2025-04-04 13:26:56,2025-04-04,13:26:56,100.2533,104.3232,226.3,149.5,50.0,1,0
2025-04-04 13:28:57,2025-04-04,13:28:57,100.6973,104.57239999999999,226.5,150.2,50.0,1,0
2025-04-04 13:31:18,2025-04-04,13:31:18,99.0811,103.1062,226.1,148.0,50.0,1,0
2025-04-04 13:33:22,2025-04-04,13:33:22,98.947,102.9842,226.3,147.7,50.0,1,0
2025-04-04 13:35:26,2025-04-04,13:35:26,98.5703,102.5432,226.0,147.3,50.0,1,0
2025-04-04 13:37:30,2025-04-04,13:37:30,98.4207,102.5926,226.1,147.1,50.0,1,0
2025-04-04 13:39:40,2025-04-04,13:39:40,97.54960000000001,101.5744,225.9,146.0,50.0,1,0
2025-04-04 13:41:42,2025-04-04,13:41:42,96.9222,100.9898,225.8,145.0,50.0,1,0
2025-04-04 13:43:58,2025-04-04,13:43:58,97.8129,101.8629,225.9,146.3,50.0,1,0
2025-04-04 13:46:03,2025-04-04,13:46:03,97.6839,101.72930000000001,226.0,145.9,50.0,1,0
2025-04-04 13:48:09,2025-04-04,13:48:09,97.0963,100.9835,225.8,145.2,50.0,1,0
2025-04-04 13:50:12,2025-04-04,13:50:12,96.9291,100.9592,227.7,143.0,50.0,1,0
2025-04-04 13:52:21,2025-04-04,13:52:21,96.95110000000001,100.99260000000001,228.4,143.4,50.0,1,0
2025-04-04 13:54:28,2025-04-04,13:54:28,96.3606,100.37910000000001,228.3,142.8,50.0,1,0
2025-04-04 13:56:36,2025-04-04,13:56:36,96.0242,100.13210000000001,228.3,142.1,50.0,1,0
2025-04-04 13:58:44,2025-04-04,13:58:44,95.1628,99.01219999999999,227.9,140.9,50.0,1,0
2025-04-04 14:00:52,2025-04-04,14:00:52,95.2269,99.48639999999999,228.0,141.1,50.0,1,0
2025-04-04 14:03:03,2025-04-04,14:03:03,96.1245,100.02860000000001,227.8,142.7,50.0,1,0
2025-04-04 14:05:12,2025-04-04,14:05:12,94.9545,98.99010000000001,227.8,140.8,50.0,1,0
2025-04-04 14:07:44,2025-04-04,14:07:44,93.35589999999999,97.4135,227.8,138.6,50.0,1,0
2025-04-04 14:09:51,2025-04-04,14:09:51,91.9448,96.1309,228.1,136.3,50.0,1,0
2025-04-04 14:11:59,2025-04-04,14:11:59,91.77080000000001,95.8235,227.7,135.9,50.0,1,0
2025-04-04 14:14:07,2025-04-04,14:14:07,91.32910000000001,95.2928,227.9,135.0,50.0,1,0
2025-04-04 14:16:15,2025-04-04,14:16:15,90.1301,94.1665,228.0,133.8,50.0,1,0
2025-04-04 14:18:23,2025-04-04,14:18:23,89.1478,93.11760000000001,227.7,132.4,50.0,1,0
2025-04-04 14:20:31,2025-04-04,14:20:31,87.7204,91.35860000000001,227.8,130.0,50.0,1,0
2025-04-04 14:22:41,2025-04-04,14:22:41,86.75460000000001,90.558,227.8,128.7,50.0,1,0
2025-04-04 14:24:49,2025-04-04,14:24:49,85.87039999999999,89.77789999999999,227.6,127.6,50.0,1,0
2025-04-04 14:27:02,2025-04-04,14:27:02,84.7755,88.45960000000001,227.0,126.0,50.0,1,0
2025-04-04 14:29:06,2025-04-04,14:29:06,84.0599,87.7829,227.7,124.9,50.0,1,0
2025-04-04 14:31:14,2025-04-04,14:31:14,82.0188,85.4,227.7,121.7,50.0,1,0
2025-04-04 14:34:22,2025-04-04,14:34:22,80.7474,84.1879,227.3,119.8,50.0,1,0
2025-04-04 14:36:28,2025-04-04,14:36:28,77.8154,81.25789999999999,227.3,115.6,50.0,1,0
2025-04-04 14:38:31,2025-04-04,14:38:31,79.8885,83.4674,227.6,118.9,50.0,1,0
2025-04-04 14:40:45,2025-04-04,14:40:45,77.79169999999999,81.2452,227.5,116.0,50.0,1,0
2025-04-04 14:42:52,2025-04-04,14:42:52,78.4307,81.655,227.2,116.7,50.0,1,0
2025-04-04 14:45:00,2025-04-04,14:45:00,77.2553,80.6435,227.1,115.1,50.0,1,0
2025-04-04 14:47:09,2025-04-04,14:47:09,75.04180000000001,78.21010000000001,227.9,111.8,50.0,1,0
2025-04-04 14:49:16,2025-04-04,14:49:16,72.3487,75.2734,227.0,107.8,50.0,1,0
2025-04-04 14:51:26,2025-04-04,14:51:26,70.9161,73.8163,227.1,105.8,50.0,1,0
2025-04-04 14:54:34,2025-04-04,14:54:34,68.64439999999999,71.3936,226.9,102.0,50.0,1,0
2025-04-04 14:57:11,2025-04-04,14:57:11,64.8585,66.50139999999999,226.8,96.2,50.0,1,0
2025-04-04 14:59:21,2025-04-04,14:59:21,63.927,65.5692,226.7,94.9,50.0,1,0
2025-04-04 15:01:35,2025-04-04,15:01:35,59.4281,60.999199999999995,226.9,88.3,50.0,1,0
2025-04-04 15:03:51,2025-04-04,15:03:51,56.845,58.1863,226.6,84.7,50.0,1,0
2025-04-04 15:05:54,2025-04-04,15:05:54,54.359199999999994,55.7979,226.3,81.3,50.0,1,0
2025-04-04 15:08:10,2025-04-04,15:08:10,51.4369,52.9893,226.3,76.4,50.0,1,0
2025-04-04 15:10:11,2025-04-04,15:10:11,49.546699999999994,51.0364,226.2,74.3,50.0,1,0
2025-04-04 15:12:31,2025-04-04,15:12:31,49.456300000000006,51.0745,226.3,73.7,50.0,1,0
2025-04-04 15:14:38,2025-04-04,15:14:38,48.054199999999994,49.7347,226.1,71.9,50.0,1,0
2025-04-04 15:16:55,2025-04-04,15:16:55,48.0787,49.775,226.0,71.7,50.0,1,0
2025-04-04 15:20:04,2025-04-04,15:20:04,48.1635,49.9418,225.8,72.1,50.0,1,0
2025-04-04 15:22:27,2025-04-04,15:22:27,47.0554,48.7026,225.7,70.7,50.0,1,0
2025-04-04 15:24:30,2025-04-04,15:24:30,47.549800000000005,49.1954,224.7,71.3,50.0,1,0
2025-04-04 15:26:32,2025-04-04,15:26:32,46.301,47.886900000000004,225.8,69.3,50.0,1,0
2025-04-04 15:28:40,2025-04-04,15:28:40,49.0601,50.905699999999996,225.9,73.2,50.0,1,0
2025-04-04 15:30:48,2025-04-04,15:30:48,47.6147,49.3128,226.1,71.5,50.0,1,0
2025-04-04 15:32:50,2025-04-04,15:32:50,47.001400000000004,48.8486,225.9,70.4,50.0,1,0
2025-04-04 15:35:14,2025-04-04,15:35:14,46.516,48.2472,225.9,69.7,50.0,1,0
2025-04-04 15:37:17,2025-04-04,15:37:17,44.5709,46.2371,225.6,67.0,50.0,1,0
2025-04-04 15:40:23,2025-04-04,15:40:23,44.3437,46.0259,226.6,66.6,50.0,1,0
2025-04-04 15:42:53,2025-04-04,15:42:53,43.5859,45.1669,225.6,65.7,50.0,1,0
2025-04-04 15:44:55,2025-04-04,15:44:55,42.762,44.411199999999994,225.6,64.4,50.0,1,0
2025-04-04 15:47:06,2025-04-04,15:47:06,42.3361,43.867,225.4,63.7,50.0,1,0
2025-04-04 15:50:08,2025-04-04,15:50:08,42.1465,43.8209,225.5,63.6,50.0,1,0
2025-04-04 15:52:16,2025-04-04,15:52:16,42.2202,43.801,225.2,63.9,50.0,1,0
2025-04-04 15:54:30,2025-04-04,15:54:30,41.6241,43.351800000000004,225.4,63.1,50.0,1,0
2025-04-04 15:56:33,2025-04-04,15:56:33,40.7798,42.1442,225.5,61.6,50.0,1,0
2025-04-04 15:58:44,2025-04-04,15:58:44,39.48,40.8241,225.4,59.7,50.0,1,0
2025-04-04 16:00:51,2025-04-04,16:00:51,38.8898,40.3902,225.4,59.0,50.0,1,0
2025-04-04 16:03:17,2025-04-04,16:03:17,35.5561,36.7942,225.2,53.4,50.0,1,0
2025-04-04 16:07:09,2025-04-04,16:07:09,33.155800000000006,34.3614,225.4,50.3,50.0,1,0
2025-04-04 16:09:25,2025-04-04,16:09:25,33.1905,34.2838,225.4,49.9,50.0,1,0
2025-04-04 16:11:26,2025-04-04,16:11:26,33.888,35.0593,225.3,52.0,50.0,1,0
2025-04-04 16:13:39,2025-04-04,16:13:39,33.4504,34.618300000000005,225.3,50.8,50.0,1,0
2025-04-04 16:15:42,2025-04-04,16:15:42,32.8347,33.9996,225.3,49.6,50.0,1,0
2025-04-04 16:17:53,2025-04-04,16:17:53,31.9503,33.098800000000004,225.4,48.8,50.0,1,0
2025-04-04 16:21:03,2025-04-04,16:21:03,31.583299999999998,32.7199,225.4,47.8,50.0,1,0
2025-04-04 16:23:17,2025-04-04,16:23:17,30.597900000000003,31.678099999999997,225.3,46.2,50.0,1,0
2025-04-04 16:25:20,2025-04-04,16:25:20,29.6807,30.697200000000002,225.5,45.1,50.0,1,0
2025-04-04 16:27:43,2025-04-04,16:27:43,28.3384,29.2545,225.4,43.3,50.0,1,0
2025-04-04 16:29:49,2025-04-04,16:29:49,27.5352,28.472099999999998,225.4,42.0,50.0,1,0
2025-04-04 16:33:00,2025-04-04,16:33:00,26.7992,27.6561,225.1,41.0,50.0,1,0
2025-04-04 16:35:01,2025-04-04,16:35:01,26.3447,27.1372,225.5,40.1,50.0,1,0
2025-04-04 16:37:19,2025-04-04,16:37:19,26.0426,26.9785,225.5,39.8,50.0,1,0
2025-04-04 16:39:32,2025-04-04,16:39:32,25.5817,26.4467,225.1,38.1,50.0,1,0
2025-04-04 16:41:33,2025-04-04,16:41:33,25.169900000000002,25.985599999999998,225.6,38.4,50.0,1,0
2025-04-04 16:43:43,2025-04-04,16:43:43,24.5482,25.405,225.5,37.6,50.0,1,0
2025-04-04 16:45:50,2025-04-04,16:45:50,24.1082,24.8615,225.8,36.8,50.0,1,0
2025-04-04 16:48:01,2025-04-04,16:48:01,23.6264,24.350099999999998,225.9,35.7,50.0,1,0
2025-04-04 16:51:13,2025-04-04,16:51:13,21.938299999999998,22.5552,226.3,33.4,50.0,1,0
2025-04-04 16:53:21,2025-04-04,16:53:21,21.1437,21.8124,226.1,32.4,49.9,1,0
2025-04-04 16:55:26,2025-04-04,16:55:26,19.738,20.441599999999998,225.4,30.1,49.9,1,0
2025-04-04 16:57:27,2025-04-04,16:57:27,18.1355,18.720299999999998,226.1,27.6,50.0,1,0
2025-04-04 16:59:37,2025-04-04,16:59:37,16.2459,16.6062,226.4,24.8,50.0,1,0
2025-04-04 17:01:40,2025-04-04,17:01:40,14.748,15.0594,226.4,22.6,50.0,1,0
2025-04-04 17:04:56,2025-04-04,17:04:56,13.3304,13.7217,226.6,21.4,50.0,1,0
2025-04-04 17:07:15,2025-04-04,17:07:15,12.794,13.0688,226.4,19.1,50.0,1,0
2025-04-04 17:09:25,2025-04-04,17:09:25,12.3989,12.6345,226.6,19.0,50.0,1,0
2025-04-04 17:12:30,2025-04-04,17:12:30,11.5849,11.7856,226.8,17.3,50.0,1,0
2025-04-04 17:15:36,2025-04-04,17:15:36,10.6486,11.0402,226.7,16.7,50.0,1,0
2025-04-04 17:17:50,2025-04-04,17:17:50,9.985299999999999,10.1503,226.7,15.4,50.0,1,0
2025-04-04 17:20:03,2025-04-04,17:20:03,9.379700000000001,9.6555,226.9,14.7,50.0,1,0
2025-04-04 17:22:56,2025-04-04,17:22:56,8.655,8.7868,226.9,14.3,49.9,1,0
2025-04-04 17:24:57,2025-04-04,17:24:57,7.932600000000001,7.993600000000001,226.7,12.5,50.0,1,0
2025-04-04 17:28:14,2025-04-04,17:28:14,7.383,7.6165,226.8,12.0,50.0,1,0
2025-04-04 17:30:26,2025-04-04,17:30:26,7.0168,7.123600000000001,226.7,11.5,50.0,1,0
2025-04-04 17:32:28,2025-04-04,17:32:28,6.773,6.8761,226.7,11.3,50.0,1,0
2025-04-04 17:34:35,2025-04-04,17:34:35,6.5086,6.6995,226.8,10.7,50.0,1,0
2025-04-04 17:36:41,2025-04-04,17:36:41,6.448,6.4992,226.9,10.6,50.0,1,0
2025-04-04 17:39:43,2025-04-04,17:39:43,6.1662,6.2862,226.7,10.5,50.0,1,0
2025-04-04 17:42:06,2025-04-04,17:42:06,5.7805,5.8406,226.7,9.8,50.0,1,0
2025-04-04 17:45:15,2025-04-04,17:45:15,5.1427,5.1778,227.3,8.6,50.0,1,0
2025-04-04 17:47:20,2025-04-04,17:47:20,4.7336,4.8056,226.5,8.1,50.0,1,0
2025-04-04 17:49:30,2025-04-04,17:49:30,4.2014,4.2021999999999995,226.7,7.5,50.0,1,0
2025-04-04 17:51:41,2025-04-04,17:51:41,3.6936,3.7498,226.7,7.1,50.0,1,0
2025-04-04 17:53:53,2025-04-04,17:53:53,3.2872,3.3371999999999997,226.0,6.6,50.0,1,0
2025-04-04 17:56:01,2025-04-04,17:56:01,2.8236,2.8665,226.8,6.2,50.0,1,0
2025-04-04 17:58:09,2025-04-04,17:58:09,2.1111999999999997,2.1234,225.9,6.0,50.0,1,0
2025-04-04 18:01:17,2025-04-04,18:01:17,1.5291,1.5523,226.6,4.5,50.0,1,0
2025-04-04 18:04:03,2025-04-04,18:04:03,1.1473,1.1647,226.5,4.6,50.0,1,0
2025-04-04 18:07:17,2025-04-04,18:07:17,1.0181,1.0335999999999999,226.1,4.2,50.0,1,0
2025-04-04 18:09:19,2025-04-04,18:09:19,0.9661000000000001,0.9808,225.3,4.2,49.9,1,0
2025-04-04 18:11:26,2025-04-04,18:11:26,0.7734,0.7851,225.8,4.9,50.0,1,0
2025-04-04 18:13:34,2025-04-04,18:13:34,0.5987,0.6078,225.8,4.2,49.9,1,0
2025-04-04 18:15:57,2025-04-04,18:15:57,0.3907,0.3966,225.7,4.2,50.0,1,0
2025-04-04 18:17:58,2025-04-04,18:17:58,0.2999,0.3044,225.5,4.0,50.0,1,0
2025-04-04 18:21:12,2025-04-04,18:21:12,0.1325,0.1345,225.5,4.1,50.0,1,0
2025-04-04 18:23:27,2025-04-04,18:23:27,0.1559,0.15819999999999998,225.1,4.3,49.9,1,0
2025-04-04 18:25:29,2025-04-04,18:25:29,0.0088,0.0089,224.8,4.0,50.0,1,0
2025-04-04 18:27:53,2025-04-04,18:27:53,0.0001,0.0001,224.5,4.4,50.0,1,0
2025-04-04 18:29:56,2025-04-04,18:29:56,0.0183,0.0185,224.2,4.0,50.0,1,0
2025-04-04 18:32:10,2025-04-04,18:32:10,0.0001,0.0001,224.1,3.6,50.0,1,0
2025-04-04 18:34:13,2025-04-04,18:34:13,0.0005,0.0005,224.5,3.5,50.0,1,0
2025-04-04 18:36:15,2025-04-04,18:36:15,0.0,0.0,224.0,3.4,50.0,1,0
2025-04-04 18:38:17,2025-04-04,18:38:17,0.0,0.0,224.2,3.5,50.0,1,0
2025-04-04 18:40:22,2025-04-04,18:40:22,0.0389,0.0394,224.1,3.4,50.0,1,0
2025-04-04 18:42:26,2025-04-04,18:42:26,0.0013,0.0013,223.8,3.6,50.0,1,0
2025-04-04 18:44:31,2025-04-04,18:44:31,0.0,0.1051,223.5,0.0,50.0,1,0
2025-04-04 18:46:32,2025-04-04,18:46:32,0.0,0.0847,223.4,0.0,50.0,1,0
2025-04-04 18:48:39,2025-04-04,18:48:39,0.0,0.069,223.8,0.0,50.0,1,0
2025-04-04 18:50:53,2025-04-04,18:50:53,0.0,0.0501,223.8,0.0,50.0,1,0
2025-04-04 18:53:06,2025-04-04,18:53:06,0.0,0.0608,223.8,0.0,50.0,1,0
2025-04-04 18:56:08,2025-04-04,18:56:08,0.0,0.0663,223.6,0.0,50.0,1,0
2025-04-04 18:58:15,2025-04-04,18:58:15,0.0,0.0715,223.8,0.0,50.0,1,0
2025-04-04 19:00:17,2025-04-04,19:00:17,0.0,0.07379999999999999,223.7,0.0,50.0,1,0
2025-04-04 19:02:30,2025-04-04,19:02:30,0.0,0.07479999999999999,223.8,0.0,50.0,1,0
2025-04-04 19:04:36,2025-04-04,19:04:36,0.0,0.07540000000000001,223.6,0.0,50.0,1,0
2025-04-04 19:06:44,2025-04-04,19:06:44,0.0,0.07540000000000001,223.7,0.0,50.0,1,0
2025-04-04 19:08:48,2025-04-04,19:08:48,0.0,0.07540000000000001,224.5,0.0,50.0,1,0
2025-04-04 19:10:59,2025-04-04,19:10:59,0.0,0.07540000000000001,224.3,0.0,50.0,1,0
2025-04-04 19:13:02,2025-04-04,19:13:02,0.0,0.07540000000000001,224.4,0.0,50.0,1,0
2025-04-04 19:15:05,2025-04-04,19:15:05,0.0,0.07540000000000001,224.5,0.0,50.0,1,0
2025-04-04 19:17:14,2025-04-04,19:17:14,0.0,0.07529999999999999,224.4,0.0,50.0,1,0
2025-04-04 19:19:16,2025-04-04,19:19:16,0.0,0.0752,224.5,0.0,50.0,1,0
2025-04-04 19:21:20,2025-04-04,19:21:20,0.0,0.0752,224.3,0.0,50.0,1,0
2025-04-04 19:23:36,2025-04-04,19:23:36,0.0,0.0752,224.4,0.0,50.0,1,0
2025-04-04 19:25:41,2025-04-04,19:25:41,0.0,0.0752,224.6,0.0,50.0,1,0
2025-04-04 19:27:44,2025-04-04,19:27:44,0.0,0.0751,224.6,0.0,50.0,1,0
2025-04-04 19:30:46,2025-04-04,19:30:46,0.0,0.0751,225.3,0.0,50.0,1,0
2025-04-04 19:32:52,2025-04-04,19:32:52,0.0,0.0751,224.5,0.0,50.0,1,0
2025-04-04 19:35:08,2025-04-04,19:35:08,0.0,0.075,224.4,0.0,50.0,1,0
2025-04-04 19:37:12,2025-04-04,19:37:12,0.0,0.075,224.6,0.0,50.0,1,0
2025-04-04 19:40:16,2025-04-04,19:40:16,0.0,0.075,224.5,0.0,50.0,1,0
2025-04-04 19:43:17,2025-04-04,19:43:17,0.0,0.0751,224.5,0.0,50.0,1,0
2025-04-04 19:45:22,2025-04-04,19:45:22,0.0,0.07490000000000001,224.8,0.0,50.0,1,0
2025-04-04 19:47:35,2025-04-04,19:47:35,0.0,0.07490000000000001,224.8,0.0,50.0,1,0
2025-04-04 19:49:39,2025-04-04,19:49:39,0.0,0.07490000000000001,224.0,0.0,50.0,1,0
2025-04-04 19:51:41,2025-04-04,19:51:41,0.0,0.07490000000000001,224.7,0.0,50.0,1,0
2025-04-04 19:53:43,2025-04-04,19:53:43,0.0,0.07479999999999999,224.5,0.0,49.9,1,0
2025-04-04 19:55:52,2025-04-04,19:55:52,0.0,0.07479999999999999,224.6,0.0,50.0,1,0
2025-04-04 19:58:10,2025-04-04,19:58:10,0.0,0.07490000000000001,224.9,0.0,49.9,1,0
2025-04-04 20:00:13,2025-04-04,20:00:13,0.0,0.07490000000000001,224.6,0.0,50.0,1,0
2025-04-04 20:02:20,2025-04-04,20:02:20,0.0,0.07490000000000001,224.2,0.0,49.9,1,0
2025-04-04 20:04:27,2025-04-04,20:04:27,0.0,0.07490000000000001,224.0,0.0,50.0,1,0
2025-04-04 20:06:43,2025-04-04,20:06:43,0.0,0.07479999999999999,224.6,0.0,50.0,1,0
2025-04-04 20:08:49,2025-04-04,20:08:49,0.0,0.07490000000000001,224.7,0.0,50.0,1,0
2025-04-04 20:11:03,2025-04-04,20:11:03,0.0,0.07479999999999999,224.6,0.0,50.0,1,0
2025-04-04 20:13:06,2025-04-04,20:13:06,0.0,0.07479999999999999,224.7,0.0,50.0,1,0
2025-04-04 20:15:12,2025-04-04,20:15:12,0.0,0.07479999999999999,224.7,0.0,50.0,1,0
2025-04-04 20:17:18,2025-04-04,20:17:18,0.0,0.07479999999999999,224.5,0.0,50.0,1,0
2025-04-04 20:19:21,2025-04-04,20:19:21,0.0,0.07479999999999999,224.6,0.0,50.0,1,0
2025-04-04 20:21:26,2025-04-04,20:21:26,0.0,0.07479999999999999,224.7,0.0,50.0,1,0
2025-04-04 20:23:43,2025-04-04,20:23:43,0.0,0.07479999999999999,224.7,0.0,50.0,1,0
2025-04-04 20:25:49,2025-04-04,20:25:49,0.0,0.07490000000000001,224.0,0.0,50.0,1,0
2025-04-04 20:27:52,2025-04-04,20:27:52,0.0,0.07490000000000001,224.0,0.0,50.0,1,0
2025-04-04 20:29:58,2025-04-04,20:29:58,0.0,0.07479999999999999,224.7,0.0,50.0,1,0
2025-04-04 20:32:15,2025-04-04,20:32:15,0.0,0.07479999999999999,224.8,0.0,50.0,1,0
2025-04-04 20:34:21,2025-04-04,20:34:21,0.0,0.07479999999999999,224.8,0.0,50.0,1,0
2025-04-04 20:36:31,2025-04-04,20:36:31,0.0,0.07479999999999999,224.4,0.0,50.0,1,0
2025-04-04 20:38:37,2025-04-04,20:38:37,0.0,0.07479999999999999,224.7,0.0,50.0,1,0
2025-04-04 20:40:50,2025-04-04,20:40:50,0.0,0.07479999999999999,224.6,0.0,50.0,1,0
2025-04-04 20:43:01,2025-04-04,20:43:01,0.0,0.07479999999999999,224.7,0.0,50.0,1,0
2025-04-04 20:45:03,2025-04-04,20:45:03,0.0,0.07479999999999999,224.8,0.0,50.0,1,0
2025-04-04 20:47:04,2025-04-04,20:47:04,0.0,0.07479999999999999,224.7,0.0,50.0,1,0
2025-04-04 20:49:09,2025-04-04,20:49:09,0.0,0.07479999999999999,224.2,0.0,50.0,1,0
2025-04-04 20:51:12,2025-04-04,20:51:12,0.0,0.0747,224.2,0.0,50.0,1,0
2025-04-04 20:53:16,2025-04-04,20:53:16,0.0,0.0747,224.1,0.0,50.0,1,0
2025-04-04 20:55:19,2025-04-04,20:55:19,0.0,0.0747,224.2,0.0,50.0,1,0
2025-04-04 20:57:29,2025-04-04,20:57:29,0.0,0.0747,224.0,0.0,50.0,1,0
2025-04-04 20:59:31,2025-04-04,20:59:31,0.0,0.0747,224.3,0.0,50.0,1,0
2025-04-04 21:01:36,2025-04-04,21:01:36,0.0,0.0747,224.4,0.0,50.0,1,0
2025-04-04 21:03:38,2025-04-04,21:03:38,0.0,0.07479999999999999,224.4,0.0,50.0,1,0
2025-04-04 21:05:41,2025-04-04,21:05:41,0.0,0.0747,224.5,0.0,50.0,1,0
2025-04-04 21:07:44,2025-04-04,21:07:44,0.0,0.0747,224.6,0.0,50.0,1,0
2025-04-04 21:10:53,2025-04-04,21:10:53,0.0,0.0747,224.5,0.0,50.0,1,0
2025-04-04 21:12:55,2025-04-04,21:12:55,0.0,0.0747,224.6,0.0,50.0,1,0
2025-04-04 21:14:59,2025-04-04,21:14:59,0.0,0.0745,224.8,0.0,50.0,1,0
2025-04-04 21:17:02,2025-04-04,21:17:02,0.0,0.0745,224.9,0.0,50.0,1,0
2025-04-04 21:19:04,2025-04-04,21:19:04,0.0,0.07440000000000001,224.7,0.0,50.0,1,0
2025-04-04 21:21:08,2025-04-04,21:21:08,0.0,0.07440000000000001,224.9,0.0,50.0,1,0
2025-04-04 21:23:20,2025-04-04,21:23:20,0.0,0.07440000000000001,224.9,0.0,50.0,1,0
2025-04-04 21:25:26,2025-04-04,21:25:26,0.0,0.07429999999999999,225.2,0.0,50.0,1,0
2025-04-04 21:27:31,2025-04-04,21:27:31,0.0,0.07440000000000001,224.9,0.0,49.9,1,0
2025-04-04 21:29:38,2025-04-04,21:29:38,0.0,0.07440000000000001,225.1,0.0,49.9,1,0
2025-04-04 21:31:43,2025-04-04,21:31:43,0.0,0.07440000000000001,225.3,0.0,50.0,1,0
2025-04-04 21:33:51,2025-04-04,21:33:51,0.0,0.0742,225.4,0.0,50.0,1,0
2025-04-04 21:35:53,2025-04-04,21:35:53,0.0,0.0742,225.4,0.0,50.0,1,0
2025-04-04 21:38:01,2025-04-04,21:38:01,0.0,0.0742,225.6,0.0,50.0,1,0
2025-04-04 21:40:06,2025-04-04,21:40:06,0.0,0.0742,225.6,0.0,50.0,1,0
2025-04-04 21:42:08,2025-04-04,21:42:08,0.0,0.0742,225.7,0.0,50.0,1,0
2025-04-04 21:44:11,2025-04-04,21:44:11,0.0,0.0742,225.7,0.0,50.0,1,0
2025-04-04 21:46:15,2025-04-04,21:46:15,0.0,0.0742,225.8,0.0,50.0,1,0
2025-04-04 21:48:17,2025-04-04,21:48:17,0.0,0.0742,225.9,0.0,50.0,1,0
2025-04-04 21:50:27,2025-04-04,21:50:27,0.0,0.0742,225.9,0.0,50.0,1,0
2025-04-04 21:52:32,2025-04-04,21:52:32,0.0,0.0742,225.9,0.0,50.0,1,0
2025-04-04 21:54:41,2025-04-04,21:54:41,0.0,0.0742,226.0,0.0,50.0,1,0
2025-04-04 21:56:44,2025-04-04,21:56:44,0.0,0.0741,225.9,0.0,50.0,1,0
2025-04-04 21:58:54,2025-04-04,21:58:54,0.0,0.0741,226.0,0.0,50.0,1,0
2025-04-04 22:01:13,2025-04-04,22:01:13,0.0,0.0741,226.1,0.0,49.9,1,0
2025-04-04 22:03:20,2025-04-04,22:03:20,0.0,0.0741,226.1,0.0,49.9,1,0
2025-04-04 22:05:27,2025-04-04,22:05:27,0.0,0.0741,225.8,0.0,49.9,1,0
2025-04-04 22:07:38,2025-04-04,22:07:38,0.0,0.0741,226.0,0.0,49.9,1,0
2025-04-04 22:09:40,2025-04-04,22:09:40,0.0,0.0741,225.8,0.0,50.0,1,0
2025-04-04 22:11:42,2025-04-04,22:11:42,0.0,0.0741,225.9,0.0,50.0,1,0
2025-04-04 22:13:47,2025-04-04,22:13:47,0.0,0.0741,225.2,0.0,50.0,1,0
2025-04-04 22:15:49,2025-04-04,22:15:49,0.0,0.0741,225.3,0.0,50.0,1,0
2025-04-04 22:17:58,2025-04-04,22:17:58,0.0,0.0741,225.3,0.0,50.0,1,0
2025-04-04 22:20:01,2025-04-04,22:20:01,0.0,0.0741,225.1,0.0,50.0,1,0
2025-04-04 22:23:07,2025-04-04,22:23:07,0.0,0.0741,225.2,0.0,50.0,1,0
2025-04-04 22:25:09,2025-04-04,22:25:09,0.0,0.07390000000000001,225.5,0.0,50.0,1,0
2025-04-04 22:28:11,2025-04-04,22:28:11,0.0,0.07390000000000001,224.6,0.0,49.9,1,0
2025-04-04 22:30:24,2025-04-04,22:30:24,0.0,0.07390000000000001,225.4,0.0,50.0,1,0
2025-04-04 22:32:27,2025-04-04,22:32:27,0.0,0.07390000000000001,226.2,0.0,50.0,1,0
2025-04-04 22:34:28,2025-04-04,22:34:28,0.0,0.07390000000000001,225.4,0.0,50.0,1,0
2025-04-04 22:37:29,2025-04-04,22:37:29,0.0,0.07390000000000001,225.2,0.0,50.0,1,0
2025-04-04 22:39:34,2025-04-04,22:39:34,0.0,0.07379999999999999,224.9,0.0,50.0,1,0
2025-04-04 22:41:35,2025-04-04,22:41:35,0.0,0.07379999999999999,224.8,0.0,49.9,1,0
2025-04-04 22:43:46,2025-04-04,22:43:46,0.0,0.07379999999999999,225.1,0.0,49.9,1,0
2025-04-04 22:45:50,2025-04-04,22:45:50,0.0,0.07379999999999999,224.9,0.0,50.0,1,0
2025-04-04 22:47:52,2025-04-04,22:47:52,0.0,0.07379999999999999,225.2,0.0,49.9,1,0
2025-04-04 22:50:54,2025-04-04,22:50:54,0.0,0.0737,225.1,0.0,50.0,1,0
2025-04-04 22:53:03,2025-04-04,22:53:03,0.0,0.07379999999999999,225.3,0.0,50.0,1,0
2025-04-04 22:55:07,2025-04-04,22:55:07,0.0,0.0736,226.4,0.0,49.9,1,0
2025-04-04 22:57:18,2025-04-04,22:57:18,0.0,0.0736,226.2,0.0,50.0,1,0
2025-04-04 23:00:20,2025-04-04,23:00:20,0.0,0.0736,227.4,0.0,50.0,1,0
2025-04-04 23:02:21,2025-04-04,23:02:21,0.0,0.0736,227.5,0.0,49.9,1,0
2025-04-04 23:04:29,2025-04-04,23:04:29,0.0,0.0735,227.3,0.0,50.0,1,0
2025-04-04 23:06:36,2025-04-04,23:06:36,0.0,0.0736,227.2,0.0,50.0,1,0
2025-04-04 23:08:48,2025-04-04,23:08:48,0.0,0.0736,227.6,0.0,49.9,1,0
2025-04-04 23:10:56,2025-04-04,23:10:56,0.0,0.0735,227.7,0.0,49.9,1,0
2025-04-04 23:13:03,2025-04-04,23:13:03,0.0,0.0735,227.5,0.0,50.0,1,0
2025-04-04 23:15:06,2025-04-04,23:15:06,0.0,0.0736,227.8,0.0,50.0,1,0
2025-04-04 23:17:07,2025-04-04,23:17:07,0.0,0.0735,227.7,0.0,50.0,1,0
2025-04-04 23:19:08,2025-04-04,23:19:08,0.0,0.0735,227.7,0.0,50.0,1,0
2025-04-04 23:21:21,2025-04-04,23:21:21,0.0,0.0735,227.7,0.0,50.0,1,0
2025-04-04 23:23:25,2025-04-04,23:23:25,0.0,0.0735,228.2,0.0,50.0,1,0
2025-04-04 23:25:32,2025-04-04,23:25:32,0.0,0.0735,227.9,0.0,50.0,1,0
2025-04-04 23:27:37,2025-04-04,23:27:37,0.0,0.0735,228.0,0.0,50.0,1,0
2025-04-04 23:29:38,2025-04-04,23:29:38,0.0,0.0736,227.7,0.0,50.0,1,0
2025-04-04 23:31:54,2025-04-04,23:31:54,0.0,0.0736,228.2,0.0,50.0,1,0
2025-04-04 23:34:02,2025-04-04,23:34:02,0.0,0.0736,228.4,0.0,50.0,1,0
2025-04-04 23:36:09,2025-04-04,23:36:09,0.0,0.0735,228.8,0.0,50.0,1,0
2025-04-04 23:38:12,2025-04-04,23:38:12,0.0,0.0736,228.8,0.0,50.0,1,0
2025-04-04 23:41:11,2025-04-04,23:41:11,0.0,0.0735,228.5,0.0,50.0,1,0
2025-04-04 23:43:20,2025-04-04,23:43:20,0.0,0.0735,228.9,0.0,50.0,1,0
2025-04-04 23:45:23,2025-04-04,23:45:23,0.0,0.0735,228.4,0.0,50.0,1,0
2025-04-04 23:47:28,2025-04-04,23:47:28,0.0,0.0736,229.3,0.0,50.0,1,0
2025-04-04 23:49:32,2025-04-04,23:49:32,0.0,0.0735,228.6,0.0,50.0,1,0
2025-04-04 23:51:39,2025-04-04,23:51:39,0.0,0.0736,228.7,0.0,50.0,1,0
2025-04-04 23:53:44,2025-04-04,23:53:44,0.0,0.0735,228.7,0.0,49.9,1,0
2025-04-04 23:55:55,2025-04-04,23:55:55,0.0,0.0736,228.1,0.0,50.0,1,0
2025-04-04 23:57:58,2025-04-04,23:57:58,0.0,0.0735,228.6,0.0,49.9,1,0
2025-04-05 00:00:06,2025-04-05,00:00:06,0.0,0.0736,228.8,0.0,50.0,1,0
2025-04-05 00:02:13,2025-04-05,00:02:13,0.0,0.0735,229.0,0.0,50.0,1,0
2025-04-05 00:04:32,2025-04-05,00:04:32,0.0,0.0734,228.5,0.0,50.0,1,0
2025-04-05 00:06:47,2025-04-05,00:06:47,0.0,0.0734,229.5,0.0,50.0,1,0
2025-04-05 00:08:50,2025-04-05,00:08:50,0.0,0.0734,229.1,0.0,50.0,1,0
2025-04-05 00:11:05,2025-04-05,00:11:05,0.0,0.0734,228.5,0.0,50.0,1,0
2025-04-05 00:13:15,2025-04-05,00:13:15,0.0,0.0734,229.5,0.0,50.0,1,0
2025-04-05 00:15:19,2025-04-05,00:15:19,0.0,0.0734,228.6,0.0,50.0,1,0
2025-04-05 00:17:34,2025-04-05,00:17:34,0.0,0.0734,229.6,0.0,50.0,1,0
2025-04-05 00:19:40,2025-04-05,00:19:40,0.0,0.0734,229.4,0.0,50.0,1,0
2025-04-05 00:21:52,2025-04-05,00:21:52,0.0,0.0734,229.4,0.0,50.0,1,0
2025-04-05 00:23:55,2025-04-05,00:23:55,0.0,0.0734,229.4,0.0,50.0,1,0
2025-04-05 00:26:00,2025-04-05,00:26:00,0.0,0.0734,229.3,0.0,50.0,1,0
2025-04-05 00:28:06,2025-04-05,00:28:06,0.0,0.0734,229.1,0.0,50.0,1,0
2025-04-05 00:30:11,2025-04-05,00:30:11,0.0,0.0733,229.0,0.0,50.0,1,0
2025-04-05 00:32:19,2025-04-05,00:32:19,0.0,0.0734,229.3,0.0,50.0,1,0
2025-04-05 00:34:22,2025-04-05,00:34:22,0.0,0.0733,229.4,0.0,49.9,1,0
2025-04-05 00:36:24,2025-04-05,00:36:24,0.0,0.0734,229.3,0.0,50.0,1,0
2025-04-05 00:38:26,2025-04-05,00:38:26,0.0,0.0734,229.4,0.0,50.0,1,0
2025-04-05 00:40:29,2025-04-05,00:40:29,0.0,0.0734,230.1,0.0,50.0,1,0
2025-04-05 00:43:30,2025-04-05,00:43:30,0.0,0.0734,229.8,0.0,50.0,1,0
2025-04-05 00:45:45,2025-04-05,00:45:45,0.0,0.0734,229.6,0.0,50.0,1,0
2025-04-05 00:47:48,2025-04-05,00:47:48,0.0,0.0734,229.6,0.0,50.0,1,0
2025-04-05 00:49:52,2025-04-05,00:49:52,0.0,0.0735,229.8,0.0,49.9,1,0
2025-04-05 00:51:56,2025-04-05,00:51:56,0.0,0.0734,229.8,0.0,50.0,1,0
2025-04-05 00:54:59,2025-04-05,00:54:59,0.0,0.0734,229.8,0.0,50.0,1,0
2025-04-05 00:57:22,2025-04-05,00:57:22,0.0,0.0734,229.9,0.0,50.0,1,0
2025-04-05 00:59:29,2025-04-05,00:59:29,0.0,0.0734,230.0,0.0,50.0,1,0
2025-04-05 01:01:36,2025-04-05,01:01:36,0.0,0.0734,229.1,0.0,49.9,1,0
2025-04-05 01:03:43,2025-04-05,01:03:43,0.0,0.0734,230.2,0.0,50.0,1,0
2025-04-05 01:05:48,2025-04-05,01:05:48,0.0,0.0734,230.2,0.0,49.9,1,0
2025-04-05 01:07:57,2025-04-05,01:07:57,0.0,0.0734,230.2,0.0,49.9,1,0
2025-04-05 01:10:01,2025-04-05,01:10:01,0.0,0.0734,230.1,0.0,50.0,1,0
2025-04-05 01:12:08,2025-04-05,01:12:08,0.0,0.0735,230.2,0.0,50.0,1,0
2025-04-05 01:14:09,2025-04-05,01:14:09,0.0,0.0734,230.1,0.0,50.0,1,0
2025-04-05 01:16:10,2025-04-05,01:16:10,0.0,0.0735,230.2,0.0,50.0,1,0
2025-04-05 01:18:15,2025-04-05,01:18:15,0.0,0.0734,230.0,0.0,50.0,1,0
2025-04-05 01:20:24,2025-04-05,01:20:24,0.0,0.0735,231.1,0.0,50.0,1,0
2025-04-05 01:22:27,2025-04-05,01:22:27,0.0,0.0735,231.1,0.0,50.0,1,0
2025-04-05 01:24:30,2025-04-05,01:24:30,0.0,0.0735,231.1,0.0,50.0,1,0
2025-04-05 01:26:35,2025-04-05,01:26:35,0.0,0.0735,231.2,0.0,50.0,1,0
2025-04-05 01:28:39,2025-04-05,01:28:39,0.0,0.0735,231.4,0.0,50.0,1,0
2025-04-05 01:30:45,2025-04-05,01:30:45,0.0,0.0735,231.2,0.0,49.9,1,0
2025-04-05 01:33:04,2025-04-05,01:33:04,0.0,0.0735,231.2,0.0,49.9,1,0
2025-04-05 01:35:11,2025-04-05,01:35:11,0.0,0.0734,231.7,0.0,49.9,1,0
2025-04-05 01:37:18,2025-04-05,01:37:18,0.0,0.0734,229.2,0.0,49.9,1,0
2025-04-05 01:39:22,2025-04-05,01:39:22,0.0,0.0734,229.4,0.0,50.0,1,0
2025-04-05 01:41:32,2025-04-05,01:41:32,0.0,0.0734,229.1,0.0,50.0,1,0
2025-04-05 01:44:34,2025-04-05,01:44:34,0.0,0.0734,229.5,0.0,50.0,1,0
2025-04-05 01:46:37,2025-04-05,01:46:37,0.0,0.0734,229.2,0.0,50.0,1,0
2025-04-05 01:49:40,2025-04-05,01:49:40,0.0,0.0734,229.1,0.0,50.0,1,0
2025-04-05 01:51:42,2025-04-05,01:51:42,0.0,0.0734,229.2,0.0,50.0,1,0
2025-04-05 01:53:49,2025-04-05,01:53:49,0.0,0.0735,229.1,0.0,50.0,1,0
2025-04-05 01:55:58,2025-04-05,01:55:58,0.0,0.0734,229.2,0.0,50.0,1,0
2025-04-05 01:58:01,2025-04-05,01:58:01,0.0,0.0734,229.2,0.0,50.0,1,0
2025-04-05 02:00:10,2025-04-05,02:00:10,0.0,0.0735,229.3,0.0,50.0,1,0
2025-04-05 02:03:11,2025-04-05,02:03:11,0.0,0.0734,229.6,0.0,50.0,1,0
2025-04-05 02:05:15,2025-04-05,02:05:15,0.0,0.0732,229.9,0.0,50.0,1,0
2025-04-05 02:07:29,2025-04-05,02:07:29,0.0,0.0734,229.6,0.0,50.0,1,0
2025-04-05 02:09:32,2025-04-05,02:09:32,0.0,0.0734,229.4,0.0,49.9,1,0
2025-04-05 02:11:43,2025-04-05,02:11:43,0.0,0.0734,229.4,0.0,50.0,1,0
2025-04-05 02:13:44,2025-04-05,02:13:44,0.0,0.0734,229.5,0.0,50.0,1,0
2025-04-05 02:15:51,2025-04-05,02:15:51,0.0,0.0734,229.5,0.0,50.0,1,0
2025-04-05 02:18:09,2025-04-05,02:18:09,0.0,0.0735,229.7,0.0,50.0,1,0
2025-04-05 02:20:15,2025-04-05,02:20:15,0.0,0.0734,229.6,0.0,50.0,1,0
2025-04-05 02:22:22,2025-04-05,02:22:22,0.0,0.0734,229.7,0.0,50.0,1,0
2025-04-05 02:24:26,2025-04-05,02:24:26,0.0,0.0735,229.3,0.0,50.0,1,0
2025-04-05 02:26:30,2025-04-05,02:26:30,0.0,0.0734,229.2,0.0,50.0,1,0
2025-04-05 02:28:32,2025-04-05,02:28:32,0.0,0.0735,229.5,0.0,49.9,1,0
2025-04-05 02:30:45,2025-04-05,02:30:45,0.0,0.0734,229.3,0.0,49.9,1,0
2025-04-05 02:32:47,2025-04-05,02:32:47,0.0,0.0734,229.3,0.0,50.0,1,0
2025-04-05 02:34:49,2025-04-05,02:34:49,0.0,0.0735,229.4,0.0,50.0,1,0
2025-04-05 02:36:50,2025-04-05,02:36:50,0.0,0.0735,229.4,0.0,50.0,1,0
2025-04-05 02:38:53,2025-04-05,02:38:53,0.0,0.0735,228.7,0.0,50.0,1,0
2025-04-05 02:40:59,2025-04-05,02:40:59,0.0,0.0734,229.2,0.0,50.0,1,0
2025-04-05 02:43:04,2025-04-05,02:43:04,0.0,0.0735,229.5,0.0,50.0,1,0
2025-04-05 02:46:12,2025-04-05,02:46:12,0.0,0.0736,229.6,0.0,50.0,1,0
2025-04-05 02:48:16,2025-04-05,02:48:16,0.0,0.0736,229.5,0.0,50.0,1,0
2025-04-05 02:50:25,2025-04-05,02:50:25,0.0,0.0736,229.3,0.0,50.0,1,0
2025-04-05 02:52:26,2025-04-05,02:52:26,0.0,0.0735,229.5,0.0,49.9,1,0
2025-04-05 02:54:39,2025-04-05,02:54:39,0.0,0.0735,229.6,0.0,50.0,1,0
2025-04-05 02:56:50,2025-04-05,02:56:50,0.0,0.0735,229.4,0.0,50.0,1,0
2025-04-05 02:58:55,2025-04-05,02:58:55,0.0,0.0734,230.3,0.0,50.0,1,0
2025-04-05 03:01:03,2025-04-05,03:01:03,0.0,0.0735,229.6,0.0,50.0,1,0
2025-04-05 03:03:14,2025-04-05,03:03:14,0.0,0.0736,229.9,0.0,50.0,1,0
2025-04-05 03:05:37,2025-04-05,03:05:37,0.0,0.0735,229.5,0.0,50.0,1,0
2025-04-05 03:07:44,2025-04-05,03:07:44,0.0,0.0736,229.7,0.0,50.0,1,0
2025-04-05 03:09:54,2025-04-05,03:09:54,0.0,0.0736,230.1,0.0,50.0,1,0
2025-04-05 03:12:09,2025-04-05,03:12:09,0.0,0.0736,229.5,0.0,50.0,1,0
2025-04-05 03:14:13,2025-04-05,03:14:13,0.0,0.0736,229.9,0.0,50.0,1,0
2025-04-05 03:16:25,2025-04-05,03:16:25,0.0,0.0736,229.8,0.0,50.0,1,0
2025-04-05 03:18:35,2025-04-05,03:18:35,0.0,0.0736,229.8,0.0,50.0,1,0
2025-04-05 03:21:06,2025-04-05,03:21:06,0.0,0.0735,229.9,0.0,50.0,1,0
2025-04-05 03:23:12,2025-04-05,03:23:12,0.0,0.07379999999999999,229.9,0.0,50.0,1,0
2025-04-05 03:25:15,2025-04-05,03:25:15,0.0,0.0737,230.0,0.0,50.0,1,0
2025-04-05 03:27:18,2025-04-05,03:27:18,0.0,0.07379999999999999,230.0,0.0,50.0,1,0
2025-04-05 03:29:25,2025-04-05,03:29:25,0.0,0.07390000000000001,229.9,0.0,50.0,1,0
2025-04-05 03:31:29,2025-04-05,03:31:29,0.0,0.07390000000000001,229.8,0.0,50.0,1,0
2025-04-05 03:33:39,2025-04-05,03:33:39,0.0,0.07390000000000001,230.3,0.0,50.0,1,0
2025-04-05 03:35:43,2025-04-05,03:35:43,0.0,0.0741,229.8,0.0,50.0,1,0
2025-04-05 03:37:49,2025-04-05,03:37:49,0.0,0.0741,229.7,0.0,50.0,1,0
2025-04-05 03:39:53,2025-04-05,03:39:53,0.0,0.0741,229.8,0.0,50.0,1,0
2025-04-05 03:42:01,2025-04-05,03:42:01,0.0,0.0741,230.2,0.0,50.0,1,0
2025-04-05 03:44:04,2025-04-05,03:44:04,0.0,0.0742,229.7,0.0,50.0,1,0
2025-04-05 03:46:06,2025-04-05,03:46:06,0.0,0.0742,230.2,0.0,50.0,1,0
2025-04-05 03:48:15,2025-04-05,03:48:15,0.0,0.0742,229.9,0.0,50.0,1,0
2025-04-05 03:50:17,2025-04-05,03:50:17,0.0,0.0741,230.3,0.0,50.0,1,0
2025-04-05 03:52:23,2025-04-05,03:52:23,0.0,0.0741,230.3,0.0,50.0,1,0
2025-04-05 03:54:28,2025-04-05,03:54:28,0.0,0.07390000000000001,230.5,0.0,50.0,1,0
2025-04-05 03:56:33,2025-04-05,03:56:33,0.0,0.07379999999999999,229.3,0.0,50.0,1,0
2025-04-05 03:58:36,2025-04-05,03:58:36,0.0,0.0736,228.7,0.0,49.9,1,0
2025-04-05 04:00:44,2025-04-05,04:00:44,0.0,0.0736,230.1,0.0,50.0,1,0
2025-04-05 04:02:45,2025-04-05,04:02:45,0.0,0.0736,229.2,0.0,50.0,1,0
2025-04-05 04:04:55,2025-04-05,04:04:55,0.0,0.0734,229.2,0.0,50.0,1,0
2025-04-05 04:06:57,2025-04-05,04:06:57,0.0,0.0734,229.0,0.0,50.0,1,0
2025-04-05 04:09:03,2025-04-05,04:09:03,0.0,0.0734,229.2,0.0,49.9,1,0
2025-04-05 04:11:23,2025-04-05,04:11:23,0.0,0.0734,229.1,0.0,50.0,1,0
2025-04-05 04:13:29,2025-04-05,04:13:29,0.0,0.0733,229.1,0.0,50.0,1,0
2025-04-05 04:15:39,2025-04-05,04:15:39,0.0,0.0734,228.7,0.0,50.0,1,0
2025-04-05 04:18:44,2025-04-05,04:18:44,0.0,0.0734,229.1,0.0,50.0,1,0
2025-04-05 04:20:52,2025-04-05,04:20:52,0.0,0.0734,229.1,0.0,50.0,1,0
2025-04-05 04:23:58,2025-04-05,04:23:58,0.0,0.0734,229.1,0.0,50.0,1,0
2025-04-05 04:26:59,2025-04-05,04:26:59,0.0,0.0734,229.1,0.0,50.0,1,0
2025-04-05 04:30:05,2025-04-05,04:30:05,0.0,0.0734,229.0,0.0,50.0,1,0
2025-04-05 04:32:08,2025-04-05,04:32:08,0.0,0.0734,229.0,0.0,50.0,1,0
2025-04-05 04:34:09,2025-04-05,04:34:09,0.0,0.0735,229.1,0.0,49.9,1,0
2025-04-05 04:36:13,2025-04-05,04:36:13,0.0,0.0734,229.0,0.0,49.9,1,0
2025-04-05 04:39:24,2025-04-05,04:39:24,0.0,0.0734,229.1,0.0,49.9,1,0
2025-04-05 04:41:27,2025-04-05,04:41:27,0.0,0.0734,229.2,0.0,50.0,1,0
2025-04-05 04:43:29,2025-04-05,04:43:29,0.0,0.0735,228.9,0.0,50.0,1,0
2025-04-05 04:45:36,2025-04-05,04:45:36,0.0,0.0734,229.1,0.0,50.0,1,0
2025-04-05 04:47:42,2025-04-05,04:47:42,0.0,0.0734,229.1,0.0,50.0,1,0
2025-04-05 04:49:59,2025-04-05,04:49:59,0.0,0.0734,228.2,0.0,50.0,1,0
2025-04-05 04:52:04,2025-04-05,04:52:04,0.0,0.0734,228.0,0.0,50.0,1,0
2025-04-05 04:54:12,2025-04-05,04:54:12,0.0,0.0734,228.0,0.0,50.0,1,0
2025-04-05 04:56:20,2025-04-05,04:56:20,0.0,0.0735,228.0,0.0,50.0,1,0
2025-04-05 04:58:39,2025-04-05,04:58:39,0.0,0.0734,227.9,0.0,50.0,1,0
2025-04-05 05:00:45,2025-04-05,05:00:45,0.0,0.0735,227.8,0.0,50.0,1,0
2025-04-05 05:02:57,2025-04-05,05:02:57,0.0,0.0734,227.9,0.0,50.0,1,0
2025-04-05 05:05:04,2025-04-05,05:05:04,0.0,0.0736,227.4,0.0,50.0,1,0
2025-04-05 05:07:24,2025-04-05,05:07:24,0.0,0.0736,227.5,0.0,50.0,1,0
2025-04-05 05:09:36,2025-04-05,05:09:36,0.0,0.0736,227.5,0.0,50.0,1,0
2025-04-05 05:11:44,2025-04-05,05:11:44,0.0,0.0736,227.3,0.0,49.9,1,0
2025-04-05 05:13:49,2025-04-05,05:13:49,0.0,0.07379999999999999,227.9,0.0,49.9,1,0
2025-04-05 05:16:04,2025-04-05,05:16:04,0.0,0.0741,227.2,0.0,50.0,1,0
2025-04-05 05:18:13,2025-04-05,05:18:13,0.0,0.0745,227.4,0.0,50.0,1,0
2025-04-05 05:20:18,2025-04-05,05:20:18,0.0,0.0752,227.4,0.0,50.0,1,0
2025-04-05 05:22:24,2025-04-05,05:22:24,0.0,0.0705,227.2,0.0,50.0,1,0
2025-04-05 05:25:39,2025-04-05,05:25:39,0.0,0.07940000000000001,227.4,0.0,49.9,1,0
2025-04-05 05:27:44,2025-04-05,05:27:44,0.0,0.08120000000000001,226.5,0.0,49.9,1,0
2025-04-05 05:30:56,2025-04-05,05:30:56,0.0,0.0871,227.4,0.0,50.0,1,0
2025-04-05 05:33:14,2025-04-05,05:33:14,0.0,0.09359999999999999,227.0,0.0,50.0,1,0
2025-04-05 05:35:17,2025-04-05,05:35:17,0.0,0.10790000000000001,226.9,0.0,50.0,1,0
2025-04-05 05:37:26,2025-04-05,05:37:26,0.0,0.13340000000000002,227.1,0.0,49.9,1,0
2025-04-05 05:39:29,2025-04-05,05:39:29,0.0,0.1735,227.2,0.0,50.0,1,0
2025-04-05 05:41:31,2025-04-05,05:41:31,0.0,0.18880000000000002,226.9,0.0,50.0,1,0
2025-04-05 05:43:47,2025-04-05,05:43:47,0.0,0.1745,227.1,0.0,50.0,1,0
2025-04-05 05:45:56,2025-04-05,05:45:56,0.0,0.0915,226.5,0.0,49.9,1,0
2025-04-05 05:48:03,2025-04-05,05:48:03,0.0,0.6697000000000001,227.7,0.0,50.0,1,0
2025-04-05 05:50:21,2025-04-05,05:50:21,0.0,0.868,227.8,0.0,50.0,1,0
2025-04-05 05:52:23,2025-04-05,05:52:23,0.0853,0.0865,228.5,2.9,50.0,1,0
2025-04-05 05:54:26,2025-04-05,05:54:26,0.0559,0.0567,228.1,3.6,50.0,1,0
2025-04-05 05:57:45,2025-04-05,05:57:45,0.1479,0.15009999999999998,228.0,3.6,49.9,1,0
2025-04-05 06:00:52,2025-04-05,06:00:52,0.0635,0.0644,228.1,3.5,50.0,1,0
2025-04-05 06:03:54,2025-04-05,06:03:54,0.10629999999999999,0.10790000000000001,228.1,3.5,50.0,1,0
2025-04-05 06:06:03,2025-04-05,06:06:03,0.1201,0.12190000000000001,228.1,3.5,50.0,1,0
2025-04-05 06:08:18,2025-04-05,06:08:18,0.1789,0.18159999999999998,228.1,3.7,50.0,1,0
2025-04-05 06:10:20,2025-04-05,06:10:20,0.3197,0.3245,227.2,3.7,49.9,1,0
2025-04-05 06:12:36,2025-04-05,06:12:36,0.3324,0.3378,228.1,3.6,50.0,1,0
2025-04-05 06:14:39,2025-04-05,06:14:39,0.5091,0.5167999999999999,227.8,3.6,50.0,1,0
2025-04-05 06:17:02,2025-04-05,06:17:02,0.6795,0.6838,228.1,3.8,50.0,1,0
2025-04-05 06:19:08,2025-04-05,06:19:08,0.8002999999999999,0.8312999999999999,228.1,3.8,50.0,1,0
2025-04-05 06:21:12,2025-04-05,06:21:12,0.9252999999999999,0.9274,228.1,3.9,50.0,1,0
2025-04-05 06:24:27,2025-04-05,06:24:27,1.2050999999999998,1.2678,229.1,4.6,50.0,1,0
2025-04-05 06:26:32,2025-04-05,06:26:32,1.5880999999999998,1.6491,228.2,5.0,50.0,1,0
2025-04-05 06:28:53,2025-04-05,06:28:53,2.2511,2.3272,228.0,5.5,50.0,1,0
2025-04-05 06:30:54,2025-04-05,06:30:54,2.4781,2.5158,228.0,5.7,50.0,1,0
2025-04-05 06:33:07,2025-04-05,06:33:07,2.8411999999999997,2.8844000000000003,228.5,5.6,50.0,1,0
2025-04-05 06:35:21,2025-04-05,06:35:21,3.1283000000000003,3.1759,228.5,10.2,50.0,1,0
2025-04-05 06:37:35,2025-04-05,06:37:35,4.0126,4.0737,228.4,7.5,50.0,1,0
2025-04-05 06:39:44,2025-04-05,06:39:44,4.4016,4.442699999999999,228.6,8.1,50.0,1,0
2025-04-05 06:41:59,2025-04-05,06:41:59,4.7548,4.879,229.2,8.6,50.0,1,0
2025-04-05 06:44:13,2025-04-05,06:44:13,5.0823,5.1596,228.9,8.7,49.9,1,0
2025-04-05 06:46:17,2025-04-05,06:46:17,5.3582,5.4651000000000005,228.6,9.4,50.0,1,0
2025-04-05 06:48:29,2025-04-05,06:48:29,5.6841,5.784,229.1,10.3,50.0,1,0
2025-04-05 06:50:30,2025-04-05,06:50:30,5.9966,6.0262,228.9,10.3,50.0,1,0
2025-04-05 06:52:34,2025-04-05,06:52:34,6.2946,6.4225,228.7,10.4,50.0,1,0
2025-04-05 06:54:42,2025-04-05,06:54:42,6.6857,6.7919,229.0,10.9,50.0,1,0
2025-04-05 06:56:49,2025-04-05,06:56:49,7.0644,7.1892,229.1,11.2,50.0,1,0
2025-04-05 06:59:53,2025-04-05,06:59:53,7.4897,7.4985,229.0,11.9,50.0,1,0
2025-04-05 07:02:11,2025-04-05,07:02:11,7.9483999999999995,8.109300000000001,229.3,12.5,50.0,1,0
2025-04-05 07:04:18,2025-04-05,07:04:18,8.404,8.5968,228.0,13.4,49.9,1,0
2025-04-05 07:07:32,2025-04-05,07:07:32,9.033,9.2371,228.6,14.7,49.9,1,0
2025-04-05 07:09:35,2025-04-05,07:09:35,9.4434,9.772200000000002,228.7,14.5,49.9,1,0
2025-04-05 07:11:54,2025-04-05,07:11:54,9.9554,10.0656,228.0,15.4,50.0,1,0
2025-04-05 07:24:16,2025-04-05,07:24:16,12.6664,12.8954,228.6,19.4,50.0,1,0
2025-04-05 07:26:52,2025-04-05,07:26:52,13.3504,13.718200000000001,228.8,20.2,50.0,1,0
2025-04-05 07:29:26,2025-04-05,07:29:26,14.0271,14.393600000000001,228.5,21.1,50.0,1,0
2025-04-05 07:31:29,2025-04-05,07:31:29,14.6259,15.068299999999999,228.7,22.0,50.0,1,0
2025-04-05 07:33:38,2025-04-05,07:33:38,15.2204,15.5809,228.5,22.9,50.0,1,0
2025-04-05 07:35:44,2025-04-05,07:35:44,15.9021,16.3575,228.5,24.4,50.0,1,0
2025-04-05 07:37:47,2025-04-05,07:37:47,16.6843,17.151799999999998,228.9,25.1,50.0,1,0
2025-04-05 07:40:00,2025-04-05,07:40:00,17.681900000000002,18.249299999999998,228.5,27.2,49.9,1,0
2025-04-05 07:44:11,2025-04-05,07:44:11,19.6629,20.209799999999998,227.8,29.6,49.9,1,0
2025-04-05 07:46:30,2025-04-05,07:46:30,20.5792,21.120099999999997,228.6,30.8,50.0,1,0
2025-04-05 07:48:33,2025-04-05,07:48:33,21.356900000000003,21.9411,227.6,32.4,49.9,1,0
2025-04-05 07:50:37,2025-04-05,07:50:37,22.0487,22.7295,228.2,32.9,50.0,1,0
2025-04-05 07:52:54,2025-04-05,07:52:54,22.6522,23.1805,228.3,34.1,50.0,1,0
2025-04-05 07:54:55,2025-04-05,07:54:55,24.193,25.011200000000002,228.1,35.9,49.9,1,0
2025-04-05 07:57:04,2025-04-05,07:57:04,25.3672,26.1977,228.1,38.1,49.9,1,0
2025-04-05 07:59:08,2025-04-05,07:59:08,26.0002,26.757,228.2,38.9,50.0,1,0
2025-04-05 08:01:22,2025-04-05,08:01:22,26.625799999999998,27.4723,227.8,39.9,50.0,1,0
2025-04-05 08:03:23,2025-04-05,08:03:23,26.777900000000002,27.536,227.7,40.0,49.9,1,0
2025-04-05 08:05:45,2025-04-05,08:05:45,28.6109,29.4939,226.7,43.1,49.9,1,0
2025-04-05 08:07:46,2025-04-05,08:07:46,29.8399,30.6929,227.5,44.6,50.0,1,0
2025-04-05 08:09:50,2025-04-05,08:09:50,30.3205,31.1561,226.4,45.4,50.0,1,0
2025-04-05 08:12:05,2025-04-05,08:12:05,31.3164,32.1527,227.3,46.9,49.9,1,0
2025-04-05 08:14:07,2025-04-05,08:14:07,32.3966,33.4139,226.4,49.0,49.9,1,0
2025-04-05 08:16:31,2025-04-05,08:16:31,33.383900000000004,34.645199999999996,227.0,49.8,49.9,1,0
2025-04-05 08:19:40,2025-04-05,08:19:40,34.4936,35.529300000000006,226.8,51.5,49.9,1,0
2025-04-05 08:21:57,2025-04-05,08:21:57,35.284,36.508199999999995,226.8,52.7,50.0,1,0
2025-04-05 08:23:59,2025-04-05,08:23:59,36.217400000000005,37.3906,227.0,54.2,49.9,1,0
2025-04-05 08:26:03,2025-04-05,08:26:03,37.3261,38.5064,226.9,55.6,49.9,1,0
2025-04-05 08:28:28,2025-04-05,08:28:28,38.531099999999995,39.7783,226.9,57.6,50.0,1,0
2025-04-05 08:30:32,2025-04-05,08:30:32,39.4476,40.7031,226.8,59.0,50.0,1,0
2025-04-05 08:33:36,2025-04-05,08:33:36,40.7594,42.255199999999995,226.6,60.9,50.0,1,0
2025-04-05 08:35:46,2025-04-05,08:35:46,41.2479,42.6835,226.8,61.5,50.0,1,0
2025-04-05 08:38:00,2025-04-05,08:38:00,42.0613,43.3901,227.5,63.0,50.0,1,0
2025-04-05 08:40:11,2025-04-05,08:40:11,42.536199999999994,43.9822,226.7,63.7,50.0,1,0
2025-04-05 08:42:26,2025-04-05,08:42:26,43.4095,44.867599999999996,226.8,64.6,49.9,1,0
2025-04-05 08:44:32,2025-04-05,08:44:32,44.7708,46.2226,226.6,67.0,49.9,1,0
2025-04-05 08:46:41,2025-04-05,08:46:41,45.7696,47.4452,227.0,68.6,50.0,1,0
2025-04-05 08:48:44,2025-04-05,08:48:44,46.8284,48.2973,226.4,69.8,50.0,1,0
2025-04-05 08:51:52,2025-04-05,08:51:52,47.944199999999995,49.6398,226.4,71.7,49.9,1,0
2025-04-05 08:54:02,2025-04-05,08:54:02,48.6188,50.1825,226.4,72.4,50.0,1,0
2025-04-05 08:56:05,2025-04-05,08:56:05,49.4507,50.9585,226.3,73.9,50.0,1,0
2025-04-05 08:58:27,2025-04-05,08:58:27,50.6595,52.5761,227.2,76.0,50.0,1,0
2025-04-05 09:00:31,2025-04-05,09:00:31,51.7305,53.394,226.5,77.0,50.0,1,0
2025-04-05 09:02:38,2025-04-05,09:02:38,52.321400000000004,53.568,226.4,78.2,50.0,1,0
2025-04-05 09:04:46,2025-04-05,09:04:46,52.607099999999996,53.958400000000005,226.2,78.4,50.0,1,0
2025-04-05 09:07:57,2025-04-05,09:07:57,53.9745,55.2663,225.5,80.7,50.0,1,0
2025-04-05 09:10:02,2025-04-05,09:10:02,54.9938,56.115,225.3,82.2,50.0,1,0
2025-04-05 09:13:24,2025-04-05,09:13:24,56.3568,57.7225,225.4,84.2,50.0,1,0
2025-04-05 09:15:26,2025-04-05,09:15:26,56.8084,58.471,225.4,85.1,50.0,1,0
2025-04-05 09:17:34,2025-04-05,09:17:34,57.4549,58.9519,225.6,86.2,50.0,1,0
2025-04-05 09:20:43,2025-04-05,09:20:43,58.8001,60.2868,225.6,87.7,50.0,1,0
2025-04-05 09:22:46,2025-04-05,09:22:46,60.1764,61.741800000000005,225.6,90.1,50.0,1,0
2025-04-05 09:25:01,2025-04-05,09:25:01,60.7539,62.249199999999995,225.4,90.5,50.0,1,0
2025-04-05 09:27:03,2025-04-05,09:27:03,61.7081,63.333800000000004,225.6,92.1,50.0,1,0
2025-04-05 09:29:26,2025-04-05,09:29:26,62.0185,63.9224,226.3,92.9,50.0,1,0
2025-04-05 09:31:33,2025-04-05,09:31:33,63.1387,64.7436,225.8,94.2,50.0,1,0
2025-04-05 09:33:39,2025-04-05,09:33:39,63.3307,65.0797,225.3,94.4,50.0,1,0
2025-04-05 09:35:49,2025-04-05,09:35:49,64.5819,66.4515,225.6,96.4,50.0,1,0
2025-04-05 09:37:57,2025-04-05,09:37:57,66.1298,67.98910000000001,225.4,98.8,50.0,1,0
2025-04-05 09:40:03,2025-04-05,09:40:03,67.1217,69.1033,225.6,100.1,50.0,1,0
2025-04-05 09:42:11,2025-04-05,09:42:11,68.0308,69.9233,225.5,101.3,50.0,1,0
2025-04-05 09:44:21,2025-04-05,09:44:21,67.99889999999999,69.9448,225.7,101.2,50.0,1,0
2025-04-05 09:46:37,2025-04-05,09:46:37,69.0133,70.8857,225.7,102.8,50.0,1,0
2025-04-05 09:48:55,2025-04-05,09:48:55,69.9148,71.9219,226.1,104.2,50.0,1,0
2025-04-05 09:51:05,2025-04-05,09:51:05,70.5914,72.5655,226.0,105.1,50.0,1,0
2025-04-05 09:53:14,2025-04-05,09:53:14,71.719,73.4902,226.0,106.6,50.0,1,0
2025-04-05 09:55:22,2025-04-05,09:55:22,72.10510000000001,74.0908,225.7,107.3,50.0,1,0
2025-04-05 09:58:25,2025-04-05,09:58:25,72.807,74.8776,225.5,108.6,49.9,1,0
2025-04-05 10:01:44,2025-04-05,10:01:44,73.092,74.96889999999999,225.7,108.6,50.0,1,0
2025-04-05 10:03:55,2025-04-05,10:03:55,73.44619999999999,75.4233,225.9,109.4,50.0,1,0
2025-04-05 10:06:07,2025-04-05,10:06:07,72.5312,74.8301,226.4,107.6,49.9,1,0
2025-04-05 10:09:20,2025-04-05,10:09:20,74.5473,76.2962,226.3,110.2,50.0,1,0
2025-04-05 10:11:25,2025-04-05,10:11:25,75.3822,78.6838,226.6,112.5,50.0,1,0
2025-04-05 10:13:37,2025-04-05,10:13:37,76.1011,79.4335,226.7,113.6,49.9,1,0
2025-04-05 10:17:47,2025-04-05,10:17:47,75.7742,78.7167,226.3,112.8,50.0,1,0
2025-04-05 10:19:52,2025-04-05,10:19:52,78.315,81.6484,226.5,116.6,50.0,1,0
2025-04-05 10:22:01,2025-04-05,10:22:01,79.1803,82.6779,226.8,118.0,50.0,1,0
2025-04-05 10:24:16,2025-04-05,10:24:16,79.6095,83.29589999999999,226.9,118.8,50.0,1,0
2025-04-05 10:27:20,2025-04-05,10:27:20,79.13080000000001,82.6812,227.2,118.0,50.0,1,0
2025-04-05 10:29:23,2025-04-05,10:29:23,81.03989999999999,84.54610000000001,226.5,120.5,50.0,1,0
2025-04-05 10:31:31,2025-04-05,10:31:31,80.387,83.7946,226.5,119.7,50.0,1,0
2025-04-05 10:33:45,2025-04-05,10:33:45,82.382,85.8412,226.6,122.8,50.0,1,0
2025-04-05 10:35:53,2025-04-05,10:35:53,78.6573,82.0625,226.3,117.6,50.0,1,0
2025-04-05 10:38:00,2025-04-05,10:38:00,83.3952,87.0075,226.2,124.7,50.0,1,0
2025-04-05 10:40:04,2025-04-05,10:40:04,84.131,87.7303,226.4,126.0,49.9,1,0
2025-04-05 10:43:14,2025-04-05,10:43:14,84.7813,88.6131,226.5,126.8,50.0,1,0
2025-04-05 10:45:31,2025-04-05,10:45:31,85.274,88.9327,226.3,127.2,50.0,1,0
2025-04-05 10:47:33,2025-04-05,10:47:33,85.747,89.1563,226.3,127.5,50.0,1,0
2025-04-05 10:49:38,2025-04-05,10:49:38,86.02189999999999,89.3124,226.4,128.1,50.0,1,0
2025-04-05 10:51:47,2025-04-05,10:51:47,87.0762,90.971,226.4,130.4,50.0,1,0
2025-04-05 10:53:53,2025-04-05,10:53:53,87.0471,90.5706,226.2,129.8,50.0,1,0
2025-04-05 10:55:55,2025-04-05,10:55:55,86.7633,90.42110000000001,226.3,129.0,50.0,1,0
2025-04-05 10:57:59,2025-04-05,10:57:59,86.7716,90.4768,226.3,129.2,50.0,1,0
2025-04-05 11:00:19,2025-04-05,11:00:19,87.7018,91.27080000000001,225.9,130.8,50.0,1,0
2025-04-05 11:02:27,2025-04-05,11:02:27,89.5158,93.2302,226.5,133.4,50.0,1,0
2025-04-05 11:04:39,2025-04-05,11:04:39,91.0852,94.90010000000001,226.7,135.1,49.9,1,0
2025-04-05 11:06:42,2025-04-05,11:06:42,89.5558,93.098,226.6,132.8,50.0,1,0
2025-04-05 11:08:45,2025-04-05,11:08:45,90.67280000000001,94.40310000000001,226.3,134.9,50.0,1,0
2025-04-05 11:11:02,2025-04-05,11:11:02,90.5512,94.3205,226.3,135.0,50.0,1,0
2025-04-05 11:13:07,2025-04-05,11:13:07,92.36160000000001,96.30239999999999,227.2,137.5,50.0,1,0
2025-04-05 11:15:10,2025-04-05,11:15:10,93.63719999999999,97.68039999999999,226.7,139.4,50.0,1,0
2025-04-05 11:17:26,2025-04-05,11:17:26,92.091,95.97319999999999,226.8,136.9,50.0,1,0
2025-04-05 11:20:44,2025-04-05,11:20:44,92.26960000000001,95.965,226.8,137.1,50.0,1,0
2025-04-05 11:22:45,2025-04-05,11:22:45,92.7086,96.2744,226.8,137.6,50.0,1,0
2025-04-05 11:24:48,2025-04-05,11:24:48,93.7031,97.7725,226.9,139.5,50.0,1,0
2025-04-05 11:27:03,2025-04-05,11:27:03,93.1762,97.3933,226.9,139.0,50.0,1,0
2025-04-05 11:29:12,2025-04-05,11:29:12,95.3623,99.2657,226.9,142.2,50.0,1,0
2025-04-05 11:31:15,2025-04-05,11:31:15,95.0565,98.5444,226.8,141.4,50.0,1,0
2025-04-05 11:33:21,2025-04-05,11:33:21,92.89869999999999,96.65469999999999,227.7,138.4,50.0,1,0
2025-04-05 11:35:44,2025-04-05,11:35:44,81.4898,91.383,226.6,130.0,50.0,1,0
2025-04-05 11:37:46,2025-04-05,11:37:46,87.6363,90.0924,226.1,129.5,50.0,1,0
2025-04-05 11:39:47,2025-04-05,11:39:47,95.9436,99.7585,226.7,143.0,50.0,1,0
2025-04-05 11:41:57,2025-04-05,11:41:57,96.1888,100.20339999999999,226.3,143.6,50.0,1,0
2025-04-05 11:44:10,2025-04-05,11:44:10,94.9767,98.805,226.5,141.8,50.0,1,0
2025-04-05 11:46:12,2025-04-05,11:46:12,44.921699999999994,46.5086,225.2,67.4,50.0,1,0
2025-04-05 11:48:24,2025-04-05,11:48:24,60.5443,65.2235,225.1,94.8,50.0,1,0
2025-04-05 11:50:41,2025-04-05,11:50:41,52.4047,55.289300000000004,225.7,80.3,50.0,1,0
2025-04-05 11:52:49,2025-04-05,11:52:49,93.9085,97.8338,227.0,139.7,49.9,1,0
2025-04-05 11:54:51,2025-04-05,11:54:51,101.7501,105.6756,227.5,150.8,50.0,1,0
2025-04-05 11:57:02,2025-04-05,11:57:02,101.5635,105.3785,227.3,150.7,49.9,1,0
2025-04-05 11:59:09,2025-04-05,11:59:09,99.8959,104.086,227.0,148.5,50.0,1,0
2025-04-05 12:01:20,2025-04-05,12:01:20,98.6473,102.427,227.7,146.2,50.0,1,0
2025-04-05 12:03:28,2025-04-05,12:03:28,99.66669999999999,103.60889999999999,227.9,148.0,49.9,1,0
2025-04-05 12:05:36,2025-04-05,12:05:36,99.76889999999999,103.09960000000001,227.7,147.3,50.0,1,0
2025-04-05 12:07:37,2025-04-05,12:07:37,98.0321,101.5089,227.1,144.9,50.0,1,0
2025-04-05 12:09:51,2025-04-05,12:09:51,98.557,102.2462,227.9,145.9,50.0,1,0
2025-04-05 12:12:07,2025-04-05,12:12:07,99.6675,103.3446,227.9,147.4,50.0,1,0
2025-04-05 12:14:14,2025-04-05,12:14:14,101.74589999999999,105.4608,227.9,150.3,50.0,1,0
2025-04-05 12:16:17,2025-04-05,12:16:17,92.9966,95.94139999999999,227.2,137.2,50.0,1,0
2025-04-05 12:18:22,2025-04-05,12:18:22,88.9802,91.9563,226.8,131.9,50.0,1,0
2025-04-05 12:21:37,2025-04-05,12:21:37,100.8472,104.67960000000001,227.7,149.5,50.0,1,0
2025-04-05 12:24:48,2025-04-05,12:24:48,98.752,102.3485,227.4,146.1,50.0,1,0
2025-04-05 12:26:54,2025-04-05,12:26:54,99.3539,102.9321,227.4,147.1,50.0,1,0
2025-04-05 12:28:55,2025-04-05,12:28:55,97.1292,100.8237,226.6,144.6,49.9,1,0
2025-04-05 12:30:57,2025-04-05,12:30:57,97.13369999999999,100.70530000000001,227.4,144.1,50.0,1,0
2025-04-05 12:33:00,2025-04-05,12:33:00,98.4614,102.22189999999999,227.0,146.2,50.0,1,0
2025-04-05 12:36:07,2025-04-05,12:36:07,99.72510000000001,103.2128,227.3,147.8,50.0,1,0
2025-04-05 12:39:16,2025-04-05,12:39:16,100.5961,104.4947,227.4,149.3,50.0,1,0
2025-04-05 12:41:31,2025-04-05,12:41:31,98.8583,102.4681,227.0,147.0,50.0,1,0
2025-04-05 12:43:33,2025-04-05,12:43:33,94.0318,97.6687,226.2,139.7,50.0,1,0
2025-04-05 12:45:57,2025-04-05,12:45:57,59.376599999999996,62.034699999999994,226.4,90.3,50.0,1,0
2025-04-05 12:47:59,2025-04-05,12:47:59,67.9309,71.3523,226.7,101.9,50.0,1,0
2025-04-05 12:51:07,2025-04-05,12:51:07,95.5263,99.3792,226.2,142.5,49.9,1,0
2025-04-05 12:53:21,2025-04-05,12:53:21,99.15,102.7294,227.0,147.3,49.9,1,0
2025-04-05 12:55:38,2025-04-05,12:55:38,99.7178,103.44,227.1,148.4,49.9,1,0
2025-04-05 12:57:45,2025-04-05,12:57:45,100.27210000000001,104.1212,226.8,149.1,50.0,1,0
2025-04-05 12:59:47,2025-04-05,12:59:47,101.319,105.508,226.9,151.0,50.0,1,0
2025-04-05 13:01:56,2025-04-05,13:01:56,97.52669999999999,101.6394,227.2,145.4,50.0,1,0
2025-04-05 13:04:03,2025-04-05,13:04:03,98.8135,102.6175,226.3,147.1,50.0,1,0
2025-04-05 13:06:11,2025-04-05,13:06:11,98.0246,101.85430000000001,226.3,146.2,50.0,1,0
2025-04-05 13:08:13,2025-04-05,13:08:13,99.9199,103.6652,226.1,149.2,50.0,1,0
2025-04-05 13:13:45,2025-04-05,13:13:45,95.75030000000001,99.7928,225.4,143.6,50.0,1,0
2025-04-05 13:15:51,2025-04-05,13:15:51,98.4379,102.6615,225.4,147.8,50.0,1,0
2025-04-05 13:20:44,2025-04-05,13:20:44,97.0888,100.92710000000001,225.7,144.8,50.0,1,0
2025-04-05 13:22:56,2025-04-05,13:22:56,94.0405,97.6952,225.6,140.9,50.0,1,0
2025-04-05 13:26:07,2025-04-05,13:26:07,33.162099999999995,34.3135,223.4,50.2,50.0,1,0
2025-04-05 13:28:27,2025-04-05,13:28:27,33.3853,34.4033,223.3,50.6,50.0,1,0
2025-04-05 13:30:47,2025-04-05,13:30:47,75.7024,80.468,224.3,116.6,50.0,1,0
2025-04-05 13:33:48,2025-04-05,13:33:48,32.2698,33.2143,225.7,48.6,50.0,1,0
2025-04-05 13:36:07,2025-04-05,13:36:07,31.976599999999998,33.043699999999994,225.6,48.1,50.0,1,0
2025-04-05 13:38:16,2025-04-05,13:38:16,58.8389,60.5583,227.6,88.2,50.0,1,0
2025-04-05 13:40:26,2025-04-05,13:40:26,98.17989999999999,102.0809,227.7,145.3,50.0,1,0
2025-04-05 13:42:34,2025-04-05,13:42:34,95.9524,100.0779,227.4,142.2,50.0,1,0
2025-04-05 13:44:43,2025-04-05,13:44:43,92.5659,96.4893,227.4,137.3,50.0,1,0
2025-04-05 13:46:51,2025-04-05,13:46:51,93.001,97.13289999999999,227.7,138.4,50.0,1,0
2025-04-05 13:48:56,2025-04-05,13:48:56,75.61739999999999,81.5055,226.7,117.0,50.0,1,0
2025-04-05 13:51:07,2025-04-05,13:51:07,30.040599999999998,30.856099999999998,225.0,45.1,50.0,1,0
2025-04-05 13:53:33,2025-04-05,13:53:33,26.7167,27.4942,224.7,40.4,50.0,1,0
2025-04-05 13:56:46,2025-04-05,13:56:46,26.367099999999997,27.224700000000002,224.6,40.1,50.0,1,0
2025-04-05 13:58:59,2025-04-05,13:58:59,29.6391,30.5302,224.8,45.2,50.0,1,0
2025-04-05 14:01:09,2025-04-05,14:01:09,90.7566,94.7685,227.0,135.0,50.0,1,0
2025-04-05 14:03:11,2025-04-05,14:03:11,89.5828,93.5935,227.0,133.4,50.0,1,0
2025-04-05 14:06:27,2025-04-05,14:06:27,87.8052,91.7315,226.9,130.8,50.0,1,0
2025-04-05 14:08:46,2025-04-05,14:08:46,88.035,91.9767,226.1,131.2,50.0,1,0
2025-04-05 14:10:54,2025-04-05,14:10:54,31.1988,32.1045,224.7,47.1,50.0,1,0
2025-04-05 14:12:56,2025-04-05,14:12:56,27.493,28.3053,224.5,41.6,50.0,1,0
2025-04-05 14:16:10,2025-04-05,14:16:10,91.34389999999999,95.3265,226.6,135.9,50.0,1,0
2025-04-05 14:18:13,2025-04-05,14:18:13,89.1613,93.05080000000001,226.8,132.5,50.0,1,0
2025-04-05 14:20:32,2025-04-05,14:20:32,29.5378,30.438599999999997,224.8,44.5,50.0,1,0
2025-04-05 14:22:42,2025-04-05,14:22:42,25.1645,25.826400000000003,224.7,38.4,50.0,1,0
2025-04-05 14:25:46,2025-04-05,14:25:46,21.0184,21.634,224.3,32.1,50.0,1,0
2025-04-05 14:27:56,2025-04-05,14:27:56,21.8884,22.6265,224.7,33.3,50.0,1,0
2025-04-05 14:29:59,2025-04-05,14:29:59,23.1467,23.7777,224.7,35.1,50.0,1,0
2025-04-05 14:32:14,2025-04-05,14:32:14,82.3415,86.3781,226.9,123.3,50.0,1,0
2025-04-05 14:34:17,2025-04-05,14:34:17,86.50880000000001,90.5872,226.8,129.0,50.0,1,0
2025-04-05 14:36:35,2025-04-05,14:36:35,77.9798,81.2332,226.4,116.1,50.0,1,0
2025-04-05 14:38:44,2025-04-05,14:38:44,80.2003,83.61739999999999,226.7,119.4,50.0,1,0
2025-04-05 14:40:49,2025-04-05,14:40:49,82.0185,85.7492,226.8,122.3,50.0,1,0
2025-04-05 14:42:54,2025-04-05,14:42:54,79.7109,83.124,226.9,118.7,50.0,1,0
2025-04-05 14:46:11,2025-04-05,14:46:11,72.0826,74.9741,226.0,107.5,50.0,1,0
2025-04-05 14:48:13,2025-04-05,14:48:13,73.4277,75.4443,226.5,109.0,50.0,1,0
2025-04-05 14:50:31,2025-04-05,14:50:31,74.0455,77.02810000000001,226.9,110.4,50.0,1,0
2025-04-05 14:52:40,2025-04-05,14:52:40,69.0782,71.6893,226.5,102.9,50.0,1,0
2025-04-05 14:56:06,2025-04-05,14:56:06,70.2702,73.2709,226.6,105.0,50.0,1,0
2025-04-05 14:58:15,2025-04-05,14:58:15,67.6034,69.3802,226.5,100.7,50.0,1,0
2025-04-05 15:01:19,2025-04-05,15:01:19,64.8499,66.55210000000001,225.6,96.4,50.0,1,0
2025-04-05 15:03:26,2025-04-05,15:03:26,55.31,56.4402,226.1,82.6,50.0,1,0
2025-04-05 15:05:27,2025-04-05,15:05:27,29.0658,29.477,225.4,43.0,50.0,1,0
2025-04-05 15:07:35,2025-04-05,15:07:35,24.6608,25.3307,225.2,37.3,50.0,1,0
2025-04-05 15:09:50,2025-04-05,15:09:50,53.0064,54.1858,226.0,79.3,50.0,1,0
2025-04-05 15:11:55,2025-04-05,15:11:55,51.2233,52.334900000000005,226.4,76.3,50.0,1,0
2025-04-05 15:14:12,2025-04-05,15:14:12,50.470800000000004,51.700900000000004,226.3,75.5,50.0,1,0
2025-04-05 15:16:21,2025-04-05,15:16:21,47.496900000000004,49.215199999999996,226.2,71.5,50.0,1,0
2025-04-05 15:18:30,2025-04-05,15:18:30,50.6157,51.7229,226.2,75.6,50.0,1,0
2025-04-05 15:20:39,2025-04-05,15:20:39,49.4982,51.175599999999996,225.9,73.9,50.0,1,0
2025-04-05 15:22:46,2025-04-05,15:22:46,26.0054,26.815099999999997,225.0,39.4,50.0,1,0
2025-04-05 15:24:52,2025-04-05,15:24:52,46.3219,47.5829,226.4,68.9,50.0,1,0
2025-04-05 15:27:18,2025-04-05,15:27:18,53.5328,54.988,226.2,80.2,50.0,1,0
2025-04-05 15:30:19,2025-04-05,15:30:19,52.3565,53.9713,226.4,77.9,49.9,1,0
2025-04-05 15:33:34,2025-04-05,15:33:34,24.2367,24.8627,225.3,36.9,49.9,1,0
2025-04-05 15:35:42,2025-04-05,15:35:42,29.288700000000002,30.933400000000002,225.7,45.6,50.0,1,0
2025-04-05 15:38:03,2025-04-05,15:38:03,48.9273,50.6374,225.9,73.3,50.0,1,0
2025-04-05 15:40:05,2025-04-05,15:40:05,50.65,52.4201,226.1,75.6,50.0,1,0
2025-04-05 15:42:16,2025-04-05,15:42:16,50.9586,52.4267,226.8,75.8,50.0,1,0
2025-04-05 15:44:17,2025-04-05,15:44:17,49.6023,51.3478,226.7,74.0,50.0,1,0
2025-04-05 15:46:22,2025-04-05,15:46:22,47.8185,49.2281,226.7,71.1,50.0,1,0
2025-04-05 15:48:30,2025-04-05,15:48:30,47.1784,48.8243,226.7,70.3,50.0,1,0
2025-04-05 15:50:46,2025-04-05,15:50:46,25.8311,26.550099999999997,225.3,39.2,50.0,1,0
2025-04-05 15:53:01,2025-04-05,15:53:01,26.1805,27.0173,225.6,39.5,50.0,1,0
2025-04-05 15:56:10,2025-04-05,15:56:10,27.6917,28.6753,226.2,41.7,50.0,1,0
2025-04-05 15:58:26,2025-04-05,15:58:26,43.6648,45.5638,226.5,65.4,50.0,1,0
2025-04-05 16:00:28,2025-04-05,16:00:28,46.5106,48.2495,226.8,69.5,49.9,1,0
2025-04-05 16:03:36,2025-04-05,16:03:36,42.6516,44.301199999999994,226.7,63.7,50.0,1,0
2025-04-05 16:05:54,2025-04-05,16:05:54,41.1039,42.537699999999994,226.8,61.3,50.0,1,0
2025-04-05 16:08:05,2025-04-05,16:08:05,41.1005,42.497699999999995,226.4,61.3,50.0,1,0
2025-04-05 16:10:06,2025-04-05,16:10:06,41.7678,43.3981,226.1,62.3,50.0,1,0
2025-04-05 16:12:22,2025-04-05,16:12:22,42.0458,43.4572,226.5,62.8,50.0,1,0
2025-04-05 16:14:31,2025-04-05,16:14:31,42.6989,44.3389,227.3,64.2,50.0,1,0
2025-04-05 16:16:49,2025-04-05,16:16:49,40.8936,42.3255,226.5,60.9,50.0,1,0
2025-04-05 16:18:52,2025-04-05,16:18:52,38.5577,39.8996,226.5,57.5,50.0,1,0
2025-04-05 16:21:02,2025-04-05,16:21:02,37.1256,38.718599999999995,226.5,55.9,50.0,1,0
2025-04-05 16:23:11,2025-04-05,16:23:11,37.0204,38.3143,226.0,55.5,50.0,1,0
2025-04-05 16:25:17,2025-04-05,16:25:17,36.2022,37.3995,226.6,54.2,50.0,1,0
2025-04-05 16:27:26,2025-04-05,16:27:26,36.8921,38.2149,226.7,55.3,50.0,1,0
2025-04-05 16:29:37,2025-04-05,16:29:37,35.2389,36.4585,226.7,52.8,50.0,1,0
2025-04-05 16:31:39,2025-04-05,16:31:39,33.5417,34.5818,226.6,50.4,50.0,1,0
2025-04-05 16:33:47,2025-04-05,16:33:47,24.8401,25.471799999999998,226.2,37.6,50.0,1,0
2025-04-05 16:35:56,2025-04-05,16:35:56,20.2396,20.5932,226.1,30.6,50.0,1,0
2025-04-05 16:38:02,2025-04-05,16:38:02,30.4931,31.6238,226.6,45.9,50.0,1,0
2025-04-05 16:40:11,2025-04-05,16:40:11,30.2886,31.264599999999998,226.6,45.3,50.0,1,0
2025-04-05 16:42:27,2025-04-05,16:42:27,26.4626,27.078799999999998,226.7,40.0,50.0,1,0
2025-04-05 16:45:37,2025-04-05,16:45:37,26.591,27.4035,227.0,40.0,50.0,1,0
2025-04-05 16:47:42,2025-04-05,16:47:42,27.8736,28.7725,226.9,41.6,49.9,1,0
2025-04-05 16:49:50,2025-04-05,16:49:50,26.4064,27.179299999999998,227.0,39.6,50.0,1,0
2025-04-05 16:51:58,2025-04-05,16:51:58,14.8321,15.1298,226.4,22.4,50.0,1,0
2025-04-05 16:54:06,2025-04-05,16:54:06,11.0016,11.2059,226.6,17.6,50.0,1,0
2025-04-05 16:56:22,2025-04-05,16:56:22,10.0257,10.168700000000001,226.8,15.7,50.0,1,0
2025-04-05 16:58:30,2025-04-05,16:58:30,10.2085,10.5194,226.9,15.9,50.0,1,0
2025-04-05 17:00:38,2025-04-05,17:00:38,8.077399999999999,8.2488,227.6,12.8,50.0,1,0
2025-04-05 17:02:46,2025-04-05,17:02:46,7.7399,7.8374,227.5,12.3,50.0,1,0
2025-04-05 17:04:54,2025-04-05,17:04:54,7.2992,7.4288,227.6,12.0,49.9,1,0
2025-04-05 17:08:02,2025-04-05,17:08:02,6.3171,6.3465,226.9,10.3,49.9,1,0
2025-04-05 17:10:12,2025-04-05,17:10:12,6.3678,6.5339,227.7,10.5,50.0,1,0
2025-04-05 17:12:13,2025-04-05,17:12:13,6.6712,6.718100000000001,227.6,10.7,50.0,1,0
2025-04-05 17:14:19,2025-04-05,17:14:19,6.912,6.9597,227.4,11.1,50.0,1,0
2025-04-05 17:16:27,2025-04-05,17:16:27,6.9708000000000006,7.1022,227.5,11.6,50.0,1,0
2025-04-05 17:18:32,2025-04-05,17:18:32,6.872199999999999,6.9203,227.9,11.2,50.0,1,0
2025-04-05 17:20:36,2025-04-05,17:20:36,7.3341,7.4456999999999995,227.9,11.8,50.0,1,0
2025-04-05 17:22:59,2025-04-05,17:22:59,7.125,7.2335,227.6,11.7,50.0,1,0
2025-04-05 17:25:03,2025-04-05,17:25:03,7.3081000000000005,7.4193,228.0,11.7,50.0,1,0
2025-04-05 17:27:19,2025-04-05,17:27:19,7.4464,7.5283,225.8,12.0,50.0,1,0
2025-04-05 17:29:24,2025-04-05,17:29:24,6.717899999999999,6.828,225.7,11.3,50.0,1,0
2025-04-05 17:31:28,2025-04-05,17:31:28,6.1135,6.1567,225.6,10.2,50.0,1,0
2025-04-05 17:33:46,2025-04-05,17:33:46,5.5011,5.6291,225.3,9.3,50.0,1,0
2025-04-05 17:35:51,2025-04-05,17:35:51,5.2089,5.209,225.6,9.0,50.0,1,0
2025-04-05 17:38:11,2025-04-05,17:38:11,5.2406999999999995,5.3451,225.5,9.5,50.0,1,0
2025-04-05 17:41:16,2025-04-05,17:41:16,5.377,5.4588,225.5,8.9,49.9,1,0
2025-04-05 17:43:33,2025-04-05,17:43:33,5.1551,5.1568000000000005,225.5,8.9,50.0,1,0
2025-04-05 17:45:39,2025-04-05,17:45:39,5.0276000000000005,5.104100000000001,225.2,8.8,50.0,1,0
2025-04-05 17:47:56,2025-04-05,17:47:56,4.8649,4.8692,225.4,8.7,50.0,1,0
2025-04-05 17:51:08,2025-04-05,17:51:08,4.6107,4.680899999999999,225.5,8.1,50.0,1,0
2025-04-05 17:53:16,2025-04-05,17:53:16,4.6432,4.732,225.6,8.7,49.9,1,0
2025-04-05 17:55:32,2025-04-05,17:55:32,4.7317,4.8037,224.6,8.8,50.0,1,0
2025-04-05 17:58:36,2025-04-05,17:58:36,3.5294,3.5831,225.6,7.0,50.0,1,0
2025-04-05 18:00:59,2025-04-05,18:00:59,2.2102,2.2438000000000002,225.3,5.4,50.0,1,0
2025-04-05 18:03:05,2025-04-05,18:03:05,1.6915,1.7172,225.0,4.9,50.0,1,0
2025-04-05 18:05:11,2025-04-05,18:05:11,1.3034000000000001,1.3232000000000002,225.0,4.6,50.0,1,0
2025-04-05 18:07:26,2025-04-05,18:07:26,0.9761,0.9909,224.5,4.5,50.0,1,0
2025-04-05 18:09:30,2025-04-05,18:09:30,0.7078,0.7185,224.5,4.2,50.0,1,0
2025-04-05 18:11:52,2025-04-05,18:11:52,0.5315,0.5395,224.1,4.1,50.0,1,0
2025-04-05 18:13:56,2025-04-05,18:13:56,0.457,0.4639,223.8,4.1,50.0,1,0
2025-04-05 18:16:17,2025-04-05,18:16:17,0.30469999999999997,0.3093,223.5,4.4,50.0,1,0
2025-04-05 18:18:44,2025-04-05,18:18:44,0.2083,0.2114,223.3,4.4,49.9,1,0
2025-04-05 18:21:03,2025-04-05,18:21:03,0.164,0.1664,224.4,4.2,50.0,1,0
2025-04-05 18:23:21,2025-04-05,18:23:21,0.1459,0.14809999999999998,223.5,4.4,50.0,1,0
2025-04-05 18:25:24,2025-04-05,18:25:24,0.0053,0.0053,223.2,3.8,50.0,1,0
2025-04-05 18:27:27,2025-04-05,18:27:27,0.009800000000000001,0.0099,225.7,3.9,50.0,1,0
2025-04-05 18:29:29,2025-04-05,18:29:29,0.0128,0.0129,225.3,3.9,50.0,1,0
2025-04-05 18:31:36,2025-04-05,18:31:36,0.0104,0.0105,225.2,3.8,50.0,1,0
2025-04-05 18:33:39,2025-04-05,18:33:39,0.032799999999999996,0.0332,225.1,3.5,49.9,1,0
2025-04-05 18:35:44,2025-04-05,18:35:44,0.0251,0.0254,224.9,3.7,50.0,1,0
2025-04-05 18:37:49,2025-04-05,18:37:49,0.0169,0.0171,224.5,3.8,50.0,1,0
2025-04-05 18:40:03,2025-04-05,18:40:03,0.08109999999999999,0.0823,224.1,3.8,49.9,1,0
2025-04-05 18:42:06,2025-04-05,18:42:06,0.0,0.0,223.9,3.8,50.0,1,0
2025-04-05 18:44:16,2025-04-05,18:44:16,0.0,0.2913,223.8,0.0,50.0,1,0
2025-04-05 18:46:17,2025-04-05,18:46:17,0.0,0.1001,223.9,0.0,50.0,1,0
2025-04-05 18:48:21,2025-04-05,18:48:21,0.0,0.073,224.1,0.0,50.0,1,0
2025-04-05 18:50:34,2025-04-05,18:50:34,0.0,0.0559,223.8,0.0,50.0,1,0
2025-04-05 18:52:36,2025-04-05,18:52:36,0.0,0.0579,224.1,0.0,50.0,1,0
2025-04-05 18:54:41,2025-04-05,18:54:41,0.0,0.062299999999999994,224.0,0.0,50.0,1,0
2025-04-05 18:56:44,2025-04-05,18:56:44,0.0,0.06659999999999999,223.9,0.0,50.0,1,0
2025-04-05 18:58:47,2025-04-05,18:58:47,0.0,0.0715,223.9,0.0,50.0,1,0
2025-04-05 19:00:50,2025-04-05,19:00:50,0.0,0.0736,223.7,0.0,50.0,1,0
2025-04-05 19:03:07,2025-04-05,19:03:07,0.0,0.07440000000000001,224.0,0.0,50.0,1,0
2025-04-05 19:05:17,2025-04-05,19:05:17,0.0,0.0747,223.7,0.0,50.0,1,0
2025-04-05 19:07:26,2025-04-05,19:07:26,0.0,0.0747,223.6,0.0,50.0,1,0
2025-04-05 19:09:37,2025-04-05,19:09:37,0.0,0.0745,223.7,0.0,50.0,1,0
2025-04-05 19:11:55,2025-04-05,19:11:55,0.0,0.07440000000000001,223.8,0.0,50.0,1,0
2025-04-05 19:14:03,2025-04-05,19:14:03,0.0,0.07440000000000001,222.8,0.0,50.0,1,0
2025-04-05 19:16:13,2025-04-05,19:16:13,0.0,0.0742,223.5,0.0,50.0,1,0
2025-04-05 19:18:33,2025-04-05,19:18:33,0.0,0.0742,224.1,0.0,50.0,1,0
2025-04-05 19:20:40,2025-04-05,19:20:40,0.0,0.07440000000000001,223.9,0.0,50.0,1,0
2025-04-05 19:22:52,2025-04-05,19:22:52,0.0,0.0745,223.8,0.0,50.0,1,0
2025-04-05 19:25:00,2025-04-05,19:25:00,0.0,0.0747,223.1,0.0,50.0,1,0
2025-04-05 19:27:16,2025-04-05,19:27:16,0.0,0.07479999999999999,223.6,0.0,50.0,1,0
2025-04-05 19:29:25,2025-04-05,19:29:25,0.0,0.07479999999999999,223.7,0.0,50.0,1,0
2025-04-05 19:31:35,2025-04-05,19:31:35,0.0,0.07490000000000001,223.9,0.0,50.0,1,0
2025-04-05 19:33:54,2025-04-05,19:33:54,0.0,0.07490000000000001,223.6,0.0,50.0,1,0
2025-04-05 19:36:00,2025-04-05,19:36:00,0.0,0.07490000000000001,223.4,0.0,50.0,1,0
2025-04-05 19:38:11,2025-04-05,19:38:11,0.0,0.07490000000000001,223.3,0.0,50.0,1,0
2025-04-05 19:40:19,2025-04-05,19:40:19,0.0,0.07490000000000001,223.4,0.0,50.0,1,0
2025-04-05 19:42:37,2025-04-05,19:42:37,0.0,0.07490000000000001,223.3,0.0,50.0,1,0
2025-04-05 19:44:45,2025-04-05,19:44:45,0.0,0.07490000000000001,223.3,0.0,50.0,1,0
2025-04-05 19:46:56,2025-04-05,19:46:56,0.0,0.07479999999999999,223.5,0.0,50.0,1,0
2025-04-05 19:49:01,2025-04-05,19:49:01,0.0,0.07490000000000001,223.5,0.0,50.0,1,0
2025-04-05 19:51:19,2025-04-05,19:51:19,0.0,0.07490000000000001,223.5,0.0,50.0,1,0
2025-04-05 19:53:27,2025-04-05,19:53:27,0.0,0.07490000000000001,223.4,0.0,50.0,1,0
2025-04-05 19:55:33,2025-04-05,19:55:33,0.0,0.07490000000000001,223.7,0.0,50.0,1,0
2025-04-05 19:57:37,2025-04-05,19:57:37,0.0,0.0751,223.7,0.0,50.0,1,0
2025-04-05 19:59:55,2025-04-05,19:59:55,0.0,0.0752,223.3,0.0,50.0,1,0
2025-04-05 20:01:56,2025-04-05,20:01:56,0.0,0.0752,223.7,0.0,50.0,1,0
2025-04-05 20:04:07,2025-04-05,20:04:07,0.0,0.07529999999999999,223.5,0.0,50.0,1,0
2025-04-05 20:06:08,2025-04-05,20:06:08,0.0,0.07529999999999999,223.4,0.0,49.9,1,0
2025-04-05 20:08:21,2025-04-05,20:08:21,0.0,0.07540000000000001,223.4,0.0,50.0,1,0
2025-04-05 20:11:40,2025-04-05,20:11:40,0.0,0.07540000000000001,223.5,0.0,50.0,1,0
2025-04-05 20:13:51,2025-04-05,20:13:51,0.0,0.07540000000000001,223.2,0.0,50.0,1,0
2025-04-05 20:16:01,2025-04-05,20:16:01,0.0,0.07540000000000001,222.6,0.0,50.0,1,0
2025-04-05 20:18:16,2025-04-05,20:18:16,0.0,0.07540000000000001,223.3,0.0,50.0,1,0
2025-04-05 20:20:32,2025-04-05,20:20:32,0.0,0.07540000000000001,223.3,0.0,50.0,1,0
2025-04-05 20:22:36,2025-04-05,20:22:36,0.0,0.07540000000000001,222.3,0.0,50.0,1,0
2025-04-05 20:24:44,2025-04-05,20:24:44,0.0,0.0755,222.8,0.0,50.0,1,0
2025-04-05 20:27:04,2025-04-05,20:27:04,0.0,0.0755,223.1,0.0,50.0,1,0
2025-04-05 20:29:16,2025-04-05,20:29:16,0.0,0.0755,224.0,0.0,50.0,1,0
2025-04-05 20:31:23,2025-04-05,20:31:23,0.0,0.0755,224.3,0.0,50.0,1,0
2025-04-05 20:33:44,2025-04-05,20:33:44,0.0,0.0755,223.8,0.0,50.0,1,0
2025-04-05 20:35:52,2025-04-05,20:35:52,0.0,0.0755,223.5,0.0,50.0,1,0
2025-04-05 20:37:59,2025-04-05,20:37:59,0.0,0.07540000000000001,223.4,0.0,50.0,1,0
2025-04-05 20:40:06,2025-04-05,20:40:06,0.0,0.0755,223.8,0.0,50.0,1,0
2025-04-05 20:42:28,2025-04-05,20:42:28,0.0,0.0755,223.7,0.0,50.0,1,0
2025-04-05 20:44:39,2025-04-05,20:44:39,0.0,0.0755,223.7,0.0,50.0,1,0
2025-04-05 20:46:55,2025-04-05,20:46:55,0.0,0.0755,222.8,0.0,50.0,1,0
2025-04-05 20:49:02,2025-04-05,20:49:02,0.0,0.07540000000000001,223.9,0.0,50.0,1,0
2025-04-05 20:51:06,2025-04-05,20:51:06,0.0,0.07540000000000001,223.9,0.0,50.0,1,0
2025-04-05 20:53:09,2025-04-05,20:53:09,0.0,0.07540000000000001,224.2,0.0,50.0,1,0
2025-04-05 20:55:17,2025-04-05,20:55:17,0.0,0.07540000000000001,224.1,0.0,50.0,1,0
2025-04-05 20:57:39,2025-04-05,20:57:39,0.0,0.0751,224.4,0.0,50.0,1,0
2025-04-05 20:59:47,2025-04-05,20:59:47,0.0,0.07490000000000001,224.4,0.0,50.0,1,0
2025-04-05 21:01:55,2025-04-05,21:01:55,0.0,0.075,223.8,0.0,50.0,1,0
2025-04-05 21:04:15,2025-04-05,21:04:15,0.0,0.075,224.0,0.0,50.0,1,0
2025-04-05 21:06:32,2025-04-05,21:06:32,0.0,0.0751,224.2,0.0,50.0,1,0
2025-04-05 21:08:34,2025-04-05,21:08:34,0.0,0.07490000000000001,224.4,0.0,50.0,1,0
2025-04-05 21:10:39,2025-04-05,21:10:39,0.0,0.07479999999999999,224.6,0.0,49.9,1,0
2025-04-05 21:12:42,2025-04-05,21:12:42,0.0,0.07490000000000001,224.6,0.0,50.0,1,0
2025-04-05 21:14:44,2025-04-05,21:14:44,0.0,0.07490000000000001,224.6,0.0,50.0,1,0
2025-04-05 21:16:54,2025-04-05,21:16:54,0.0,0.07479999999999999,224.5,0.0,50.0,1,0
2025-04-05 21:19:05,2025-04-05,21:19:05,0.0,0.0747,224.5,0.0,50.0,1,0
2025-04-05 21:21:12,2025-04-05,21:21:12,0.0,0.0745,224.3,0.0,50.0,1,0
2025-04-05 21:24:17,2025-04-05,21:24:17,0.0,0.0747,224.3,0.0,50.0,1,0
2025-04-05 21:26:34,2025-04-05,21:26:34,0.0,0.0747,224.5,0.0,50.0,1,0
2025-04-05 21:28:38,2025-04-05,21:28:38,0.0,0.0747,224.5,0.0,50.0,1,0
2025-04-05 21:30:44,2025-04-05,21:30:44,0.0,0.0747,224.3,0.0,50.0,1,0
2025-04-05 21:33:48,2025-04-05,21:33:48,0.0,0.0747,224.1,0.0,50.0,1,0
2025-04-05 21:35:53,2025-04-05,21:35:53,0.0,0.07479999999999999,224.0,0.0,50.0,1,0
2025-04-05 21:38:10,2025-04-05,21:38:10,0.0,0.07490000000000001,224.1,0.0,50.0,1,0
2025-04-05 21:40:13,2025-04-05,21:40:13,0.0,0.07479999999999999,224.3,0.0,50.0,1,0
2025-04-05 21:42:17,2025-04-05,21:42:17,0.0,0.0746,223.8,0.0,50.0,1,0
2025-04-05 21:44:19,2025-04-05,21:44:19,0.0,0.0745,224.1,0.0,50.0,1,0
2025-04-05 21:46:22,2025-04-05,21:46:22,0.0,0.0688,224.1,0.0,50.0,1,0
2025-04-05 21:48:36,2025-04-05,21:48:36,0.0,0.0745,224.2,0.0,50.0,1,0
2025-04-05 21:50:42,2025-04-05,21:50:42,0.0,0.07440000000000001,224.1,0.0,50.0,1,0
2025-04-05 21:52:45,2025-04-05,21:52:45,0.0,0.07440000000000001,224.1,0.0,50.0,1,0
2025-04-05 21:54:49,2025-04-05,21:54:49,0.0,0.07440000000000001,224.7,0.0,50.0,1,0
2025-04-05 21:56:54,2025-04-05,21:56:54,0.0,0.07429999999999999,224.4,0.0,49.9,1,0
2025-04-05 21:58:57,2025-04-05,21:58:57,0.0,0.0742,224.1,0.0,50.0,1,0
2025-04-05 22:01:13,2025-04-05,22:01:13,0.0,0.0742,224.5,0.0,50.0,1,0
2025-04-05 22:03:16,2025-04-05,22:03:16,0.0,0.0742,224.5,0.0,50.0,1,0
2025-04-05 22:05:19,2025-04-05,22:05:19,0.0,0.0742,224.5,0.0,50.0,1,0
2025-04-05 22:07:24,2025-04-05,22:07:24,0.0,0.0742,224.6,0.0,49.9,1,0
2025-04-05 22:09:28,2025-04-05,22:09:28,0.0,0.0741,224.9,0.0,50.0,1,0
2025-04-05 22:11:43,2025-04-05,22:11:43,0.0,0.0741,224.2,0.0,50.0,1,0
2025-04-05 22:13:49,2025-04-05,22:13:49,0.0,0.0741,224.8,0.0,50.0,1,0
2025-04-05 22:15:52,2025-04-05,22:15:52,0.0,0.0741,225.0,0.0,50.0,1,0
2025-04-05 22:17:55,2025-04-05,22:17:55,0.0,0.0741,224.7,0.0,50.0,1,0
2025-04-05 22:19:59,2025-04-05,22:19:59,0.0,0.0741,224.9,0.0,50.0,1,0
2025-04-05 22:23:11,2025-04-05,22:23:11,0.0,0.0741,224.9,0.0,50.0,1,0
2025-04-05 22:25:16,2025-04-05,22:25:16,0.0,0.0741,224.3,0.0,49.9,1,0
2025-04-05 22:27:19,2025-04-05,22:27:19,0.0,0.0741,224.4,0.0,50.0,1,0
2025-04-05 22:29:24,2025-04-05,22:29:24,0.0,0.0741,225.0,0.0,50.0,1,0
2025-04-05 22:32:28,2025-04-05,22:32:28,0.0,0.0741,224.8,0.0,50.0,1,0
2025-04-05 22:34:29,2025-04-05,22:34:29,0.0,0.0741,224.6,0.0,50.0,1,0
2025-04-05 22:37:42,2025-04-05,22:37:42,0.0,0.07390000000000001,224.4,0.0,49.9,1,0
2025-04-05 22:39:46,2025-04-05,22:39:46,0.0,0.07390000000000001,224.3,0.0,50.0,1,0
2025-04-05 22:41:49,2025-04-05,22:41:49,0.0,0.07390000000000001,225.1,0.0,50.0,1,0
2025-04-05 22:43:54,2025-04-05,22:43:54,0.0,0.07390000000000001,225.2,0.0,50.0,1,0
2025-04-05 22:45:56,2025-04-05,22:45:56,0.0,0.07379999999999999,225.6,0.0,50.0,1,0
2025-04-05 22:47:59,2025-04-05,22:47:59,0.0,0.07379999999999999,225.1,0.0,50.0,1,0
2025-04-05 22:50:15,2025-04-05,22:50:15,0.0,0.0737,225.2,0.0,50.0,1,0
2025-04-05 22:52:18,2025-04-05,22:52:18,0.0,0.0737,225.5,0.0,50.0,1,0
2025-04-05 22:54:22,2025-04-05,22:54:22,0.0,0.0736,225.6,0.0,50.0,1,0
2025-04-05 22:56:25,2025-04-05,22:56:25,0.0,0.0735,225.5,0.0,50.0,1,0
2025-04-05 22:58:31,2025-04-05,22:58:31,0.0,0.0737,225.8,0.0,50.0,1,0
2025-04-05 23:00:41,2025-04-05,23:00:41,0.0,0.0736,226.2,0.0,50.0,1,0
2025-04-05 23:02:46,2025-04-05,23:02:46,0.0,0.0736,226.9,0.0,50.0,1,0
2025-04-05 23:04:51,2025-04-05,23:04:51,0.0,0.07379999999999999,228.5,0.0,50.0,1,0
2025-04-05 23:06:56,2025-04-05,23:06:56,0.0,0.07390000000000001,227.8,0.0,50.0,1,0
2025-04-05 23:09:03,2025-04-05,23:09:03,0.0,0.07390000000000001,227.9,0.0,50.0,1,0
2025-04-05 23:11:15,2025-04-05,23:11:15,0.0,0.0741,228.8,0.0,50.0,1,0
2025-04-05 23:14:18,2025-04-05,23:14:18,0.0,0.07440000000000001,228.2,0.0,49.9,1,0
2025-04-05 23:16:21,2025-04-05,23:16:21,0.0,0.0742,228.1,0.0,50.0,1,0
2025-04-05 23:18:24,2025-04-05,23:18:24,0.0,0.0741,228.2,0.0,50.0,1,0
2025-04-05 23:20:25,2025-04-05,23:20:25,0.0,0.0741,228.3,0.0,50.0,1,0
2025-04-05 23:22:27,2025-04-05,23:22:27,0.0,0.07390000000000001,228.5,0.0,50.0,1,0
2025-04-05 23:25:30,2025-04-05,23:25:30,0.0,0.07379999999999999,228.6,0.0,49.9,1,0
2025-04-05 23:27:40,2025-04-05,23:27:40,0.0,0.0735,228.6,0.0,50.0,1,0
2025-04-05 23:29:46,2025-04-05,23:29:46,0.0,0.0736,228.0,0.0,50.0,1,0
2025-04-05 23:31:49,2025-04-05,23:31:49,0.0,0.0736,228.0,0.0,49.9,1,0
2025-04-05 23:33:51,2025-04-05,23:33:51,0.0,0.0735,228.1,0.0,49.9,1,0
2025-04-05 23:35:55,2025-04-05,23:35:55,0.0,0.0736,228.6,0.0,50.0,1,0
2025-04-05 23:38:10,2025-04-05,23:38:10,0.0,0.0736,228.9,0.0,50.0,1,0
2025-04-05 23:40:14,2025-04-05,23:40:14,0.0,0.0735,228.5,0.0,50.0,1,0
2025-04-05 23:42:18,2025-04-05,23:42:18,0.0,0.0736,229.0,0.0,50.0,1,0
2025-04-05 23:44:21,2025-04-05,23:44:21,0.0,0.0736,228.9,0.0,50.0,1,0
2025-04-05 23:46:24,2025-04-05,23:46:24,0.0,0.0735,229.2,0.0,50.0,1,0
2025-04-05 23:48:32,2025-04-05,23:48:32,0.0,0.0735,229.0,0.0,49.9,1,0
2025-04-05 23:50:48,2025-04-05,23:50:48,0.0,0.0736,229.2,0.0,49.9,1,0
2025-04-05 23:52:51,2025-04-05,23:52:51,0.0,0.0735,229.3,0.0,50.0,1,0
2025-04-05 23:54:54,2025-04-05,23:54:54,0.0,0.0734,229.2,0.0,50.0,1,0
2025-04-05 23:56:56,2025-04-05,23:56:56,0.0,0.0735,228.9,0.0,50.0,1,0
2025-04-05 23:59:03,2025-04-05,23:59:03,0.0,0.0734,228.7,0.0,50.0,1,0
